0 0.3325109649122807 0.17657569850552307 0.023940058479532164 0.04126055880441845
0 0.13760964912280702 0.20516569200779727 0.025219298245614034 0.044509421702404156
0 0.12573099415204678 0.7426900584795322 0.031067251461988302 0.05425601039636127
0 0.2296235380116959 0.8695581546458739 0.031432748538011694 0.05490578297595841
0 0.42580409356725146 0.5164067576348278 0.01918859649122807 0.03378817413905133
0 0.40369152046783624 0.8461663417803769 0.03819444444444445 0.06855100714749837
0 0.4348501461988304 0.7774528914879792 0.022478070175438597 0.03996101364522417
0 0.23501461988304093 0.6158219623131904 0.029239766081871343 0.04873294346978557
0 0.40250365497076024 0.6293047433398311 0.02942251461988304 0.05165692007797271
0 0.33808479532163743 0.7469135802469136 0.03673245614035088 0.06595191682910981
0 0.6554276315789473 0.36712150747238464 0.02503654970760234 0.043534762833008445
0 0.059667397660818716 0.7223846653671215 0.029970760233918127 0.05165692007797271
0 0.16063596491228072 0.7833008447043535 0.023574561403508772 0.036712150747238464
0 0.07291666666666667 0.5414230019493177 0.03125 0.0539311241065627
0 0.5983187134502924 0.41926575698505525 0.014985380116959063 0.030864197530864196
0 0.5119700292397661 0.6874593892137751 0.013523391812865496 0.023716699155295645
0 0.14638157894736842 0.8243989603638726 0.02101608187134503 0.03573749187784275
0 0.42333698830409355 0.8114035087719298 0.02887426900584795 0.051007147498375566
0 0.9054276315789473 0.37686809616634176 0.030153508771929825 0.0539311241065627
0 0.5615862573099415 0.7919103313840156 0.03216374269005848 0.05360623781676413
0 0.6455592105263158 0.4012345679012346 0.021564327485380116 0.04093567251461988
0 0.6641995614035088 0.46182586094866795 0.02631578947368421 0.04743339831059129
0 0.13596491228070176 0.6280051981806368 0.02320906432748538 0.03833658219623132
0 0.5616776315789473 0.9312865497076024 0.028326023391812866 0.05425601039636127
0 0.08899853801169591 0.5207927225471085 0.03326023391812866 0.05523066926575698
0 0.4840095029239766 0.6291423001949318 0.029788011695906433 0.05198180636777128
0 0.4315606725146199 0.8398310591293048 0.0268640350877193 0.04905782975958414
0 0.6593567251461988 0.2969460688758934 0.01608187134502924 0.030539311241065625
0 0.14089912280701755 0.7222222222222222 0.02905701754385965 0.050357374918778425
0 0.707328216374269 0.5649772579597141 0.02887426900584795 0.04580896686159844
0 0.06295687134502924 0.7820012995451592 0.030519005847953216 0.04613385315139701
0 0.700749269005848 0.9161793372319688 0.02540204678362573 0.042884990253411304
0 0.10910087719298246 0.1301169590643275 0.0268640350877193 0.0451591942820013
0 0.7277046783625731 0.2400909681611436 0.027595029239766082 0.048408057179987
0 0.16401681286549707 0.8551007147498375 0.023940058479532164 0.04223521767381416
0 0.42680921052631576 0.6926575698505523 0.022478070175438597 0.042884990253411304
0 0.18823099415204678 0.6648797920727745 0.019371345029239765 0.03346328784925276
0 0.16940789473684212 0.5201429499675114 0.024305555555555556 0.04548408057179987
0 0.25338084795321636 0.924788823911631 0.0266812865497076 0.0451591942820013
0 0.4715826023391813 0.7631578947368421 0.025767543859649123 0.04743339831059129
0 0.08177997076023392 0.8330084470435347 0.025219298245614034 0.04256010396361273
0 0.23062865497076024 0.5466211825860948 0.01882309941520468 0.03313840155945419
0 0.6913377192982456 0.8373944119558154 0.033808479532163746 0.05912930474333983
0 0.14811769005847952 0.1739766081871345 0.02284356725146199 0.03833658219623132
0 0.5940241228070176 0.7626705653021443 0.01644736842105263 0.029889538661468484
0 0.6655701754385965 0.8227745289148798 0.033808479532163746 0.06302794022092267
0 0.21281067251461988 0.9595516569200779 0.029970760233918127 0.05165692007797271
0 0.4703033625730994 0.682261208576998 0.025950292397660817 0.043534762833008445
0 0.5504385964912281 0.8183885640025991 0.0268640350877193 0.0451591942820013
0 0.593110380116959 0.26900584795321636 0.019005847953216373 0.036712150747238464
0 0.49533991228070173 0.5877192982456141 0.023026315789473683 0.04126055880441845
0 0.5603070175438597 0.7584470435347629 0.02540204678362573 0.03833658219623132
0 0.10754751461988304 0.2519493177387914 0.02284356725146199 0.037686809616634176
0 0.4515716374269006 0.25942170240415857 0.020650584795321638 0.04028589993502274
0 0.6451023391812866 0.8347953216374269 0.023391812865497075 0.04126055880441845
0 0.30820540935672514 0.9022092267706303 0.03508771929824561 0.05880441845354126
0 0.7223135964912281 0.3996101364522417 0.023391812865497075 0.04483430799220273
0 0.22514619883040934 0.6686159844054581 0.023757309941520467 0.04223521767381416
0 0.19307383040935672 0.967511371020143 0.021929824561403508 0.03541260558804418
0 0.06898757309941521 0.5844704353476283 0.027412280701754384 0.048408057179987
0 0.5590277777777778 0.6135477582846004 0.01882309941520468 0.04093567251461988
0 0.8952850877192983 0.20451591942820013 0.029970760233918127 0.05490578297595841
0 0.04815423976608187 0.12735542560103963 0.017543859649122806 0.03151397011046134
0 0.26937134502923976 0.7456140350877193 0.017178362573099414 0.02794022092267706
0 0.9178545321637427 0.8240740740740741 0.04367690058479532 0.07667316439246263
0 0.7862755847953217 0.8589993502274204 0.03344298245614035 0.056855100714749834
0 0.14884868421052633 0.902046783625731 0.024305555555555556 0.038011695906432746
0 0.7912097953216374 0.6504223521767382 0.03252923976608187 0.057829759584145546
0 0.36504020467836257 0.3328460038986355 0.019736842105263157 0.03378817413905133
0 0.6380665204678363 0.7222222222222222 0.02631578947368421 0.04678362573099415
0 0.21875 0.6408382066276803 0.029605263157894735 0.05230669265756985
0 0.02540204678362573 0.3252111760883691 0.03125 0.043859649122807015
0 0.14875730994152048 0.8716699155295646 0.02850877192982456 0.051332033788174136
0 0.28463084795321636 0.949317738791423 0.0400219298245614 0.0705003248862898
0 0.3827668128654971 0.2719298245614035 0.0222953216374269 0.04191033138401559
0 0.5840643274853801 0.7503248862897985 0.02266081871345029 0.04158544509421702
0 0.6780884502923976 0.905458089668616 0.03070175438596491 0.05588044184535412
0 0.32821637426900585 0.850227420402859 0.043859649122807015 0.07732293697205977
0 0.8405519005847953 0.11127355425601039 0.027777777777777776 0.04873294346978557
0 0.8950109649122807 0.7054905782975959 0.02010233918128655 0.03151397011046134
0 0.07026681286549707 0.33512020792722547 0.03271198830409357 0.05360623781676413
0 0.3123172514619883 0.036062378167641324 0.024305555555555556 0.043209876543209874
0 0.6902412280701754 0.5095841455490578 0.01699561403508772 0.037037037037037035
0 0.4135599415204678 0.7797270955165692 0.028326023391812866 0.05425601039636127
0 0.07648026315789473 0.8089668615984406 0.025219298245614034 0.036712150747238464
0 0.07465277777777778 0.4754710851202079 0.03782894736842105 0.0682261208576998
0 0.38139619883040937 0.589993502274204 0.029239766081871343 0.05230669265756985
0 0.3044590643274854 0.7738791423001949 0.01882309941520468 0.03378817413905133
0 0.816703216374269 0.9507797270955166 0.04148391812865497 0.07179987004548408
0 0.20403874269005848 0.6564327485380117 0.0268640350877193 0.04808317089018843
0 0.2364766081871345 0.4991877842755036 0.023026315789473683 0.04158544509421702
0 0.47404970760233917 0.7202729044834308 0.031067251461988302 0.057179987004548405
0 0.02403143274853801 0.4637751786874594 0.02320906432748538 0.038011695906432746
0 0.5929276315789473 0.6756010396361274 0.020285087719298246 0.036712150747238464
0 0.11175073099415204 0.8382066276803118 0.03874269005847953 0.06432748538011696
0 0.10005482456140351 0.7951591942820013 0.03654970760233918 0.06172839506172839
0 0.840734649122807 0.8659844054580896 0.033808479532163746 0.058154645873944116
0 0.5783991228070176 0.5854450942170241 0.01114766081871345 0.0198180636777128
0 0.9544956140350878 0.7345679012345679 0.03307748538011696 0.05328135152696556
0 0.7736659356725146 0.5329759584145549 0.02448830409356725 0.03833658219623132
0 0.3732638888888889 0.5422352176738142 0.029605263157894735 0.05360623781676413
0 0.17781432748538012 0.4837556855100715 0.0266812865497076 0.04483430799220273
0 0.9736842105263158 0.3786549707602339 0.03490497076023392 0.06140350877192982
0 0.3622076023391813 0.1695906432748538 0.014619883040935672 0.03931124106562703
0 0.6715095029239766 0.39116309291747886 0.023026315789473683 0.043534762833008445
0 0.14994517543859648 0.5859324236517219 0.03435672514619883 0.06042884990253411
0 0.977156432748538 0.1608187134502924 0.03326023391812866 0.05847953216374269
0 0.4257127192982456 0.6301169590643275 0.023391812865497075 0.04613385315139701
0 0.8426535087719298 0.4489928525016244 0.025219298245614034 0.04678362573099415
0 0.25392909356725146 0.7703053931124106 0.03234649122807018 0.058154645873944116
0 0.7866410818713451 0.7028914879792073 0.026133040935672515 0.04645873944119558
0 0.5264985380116959 0.3955490578297596 0.015350877192982455 0.030214424951267055
0 0.9164839181286549 0.12134502923976608 0.023757309941520467 0.04580896686159844
0 0.26900584795321636 0.07862248213125406 0.014985380116959063 0.028914879792072773
0 0.38687865497076024 0.7378167641325536 0.02266081871345029 0.04191033138401559
0 0.5163559941520468 0.43892137751786875 0.017178362573099414 0.030539311241065625
0 0.563139619883041 0.4329109811565952 0.01425438596491228 0.02599090318388564
0 0.46253654970760233 0.973846653671215 0.03271198830409357 0.05230669265756985
0 0.4220577485380117 0.72953216374269 0.030884502923976608 0.050357374918778425
0 0.8129568713450293 0.4283625730994152 0.023757309941520467 0.04093567251461988
0 0.2913011695906433 0.8263482781026641 0.020285087719298246 0.03443794671864847
0 0.027046783625730993 0.9767706302794023 0.028326023391812866 0.04256010396361273
0 0.7853618421052632 0.7371669915529565 0.031067251461988302 0.057829759584145546
0 0.2725694444444444 0.35526315789473684 0.0268640350877193 0.04743339831059129
0 0.17306286549707603 0.9348602988953866 0.023940058479532164 0.043209876543209874
0 0.5793128654970761 0.6869720597790773 0.024671052631578948 0.043534762833008445
0 0.5826023391812866 0.6346653671215075 0.025219298245614034 0.04483430799220273
0 0.007858187134502924 0.5040610786224822 0.015716374269005847 0.03346328784925276
0 0.39455409356725146 0.1816114359974009 0.025584795321637425 0.04905782975958414
0 0.7852704678362573 0.8032813515269656 0.04203216374269006 0.07732293697205977
0 0.774671052631579 0.41975308641975306 0.01644736842105263 0.02761533463287849
0 0.22203947368421054 0.33999350227420405 0.03179824561403509 0.05230669265756985
0 0.10754751461988304 0.6775503573749188 0.02722953216374269 0.048408057179987
0 0.1358735380116959 0.5152696556205328 0.03508771929824561 0.05620532813515269
0 0.26571637426900585 0.8190383365821963 0.02942251461988304 0.056855100714749834
0 0.5121527777777778 0.7400909681611436 0.0266812865497076 0.04548408057179987
0 0.6611842105263158 0.5779727095516569 0.018092105263157895 0.03313840155945419
0 0.8405519005847953 0.20857699805068225 0.025950292397660817 0.051332033788174136
0 0.4141081871345029 0.31562703053931124 0.013706140350877192 0.02729044834307992
0 0.5882675438596491 0.1343404808317089 0.01608187134502924 0.031189083820662766
0 0.8697916666666666 0.8564002599090318 0.026498538011695907 0.04580896686159844
0 0.4982638888888889 0.20337881741390512 0.023757309941520467 0.04028589993502274
0 0.37070540935672514 0.7769655620532814 0.03435672514619883 0.06140350877192982
0 0.4746893274853801 0.3966861598440546 0.021564327485380116 0.038011695906432746
0 0.9834612573099415 0.7803768680961664 0.03307748538011696 0.06627680311890838
0 0.4624451754385965 0.46085120207927227 0.026133040935672515 0.04905782975958414
0 0.6419042397660819 0.7880116959064327 0.03289473684210526 0.057179987004548405
0 0.008589181286549707 0.39766081871345027 0.01699561403508772 0.043534762833008445
0 0.972953216374269 0.9626380766731644 0.048793859649122806 0.07439896036387264
0 0.5416666666666666 0.9083820662768031 0.021929824561403508 0.04126055880441845
0 0.4838267543859649 0.25048732943469787 0.011330409356725146 0.02599090318388564
0 0.18530701754385964 0.4416829109811566 0.021747076023391813 0.043534762833008445
0 0.4454495614035088 0.7508122157244964 0.024853801169590642 0.04158544509421702
0 0.8610197368421053 0.7495126705653021 0.029788011695906433 0.04938271604938271
0 0.8412828947368421 0.7095516569200779 0.03271198830409357 0.05620532813515269
0 0.7346491228070176 0.21328784925276154 0.02284356725146199 0.037361923326835605
0 0.12362938596491228 0.10493827160493827 0.017178362573099414 0.029564652371669914
0 0.4635416666666667 0.21848602988953866 0.020285087719298246 0.036387264457439894
0 0.5508954678362573 0.5958414554905783 0.02101608187134503 0.04061078622482131
0 0.4777046783625731 0.9494801819363223 0.03453947368421053 0.0627030539311241
0 0.7372989766081871 0.978882391163093 0.01882309941520468 0.03281351526965562
0 0.34941520467836257 0.674788823911631 0.03673245614035088 0.06172839506172839
0 0.11211622807017543 0.07293697205977907 0.020833333333333332 0.037037037037037035
0 0.9576023391812866 0.9023716699155295 0.03234649122807018 0.05588044184535412
0 0.2987938596491228 0.2677063027940221 0.022478070175438597 0.04126055880441845
0 0.9105445906432749 0.6717024041585445 0.027777777777777776 0.04743339831059129
0 0.17443347953216373 0.5878817413905133 0.03435672514619883 0.06042884990253411
0 0.49835526315789475 0.8916504223521767 0.0266812865497076 0.04873294346978557
0 0.9161184210526315 0.6367771280051981 0.028326023391812866 0.050032488628979854
0 0.20056652046783627 0.44541910331384016 0.020833333333333332 0.043534762833008445
0 0.7421418128654971 0.4296621182586095 0.026498538011695907 0.04191033138401559
0 0.8680555555555556 0.8222871994801819 0.02320906432748538 0.04028589993502274
0 0.16109283625730994 0.33219623131903836 0.017178362573099414 0.03281351526965562
0 0.6466557017543859 0.634990253411306 0.02887426900584795 0.05165692007797271
0 0.935124269005848 0.14148797920727746 0.02503654970760234 0.04613385315139701
0 0.1497624269005848 0.6206952566601689 0.02412280701754386 0.04093567251461988
0 0.8422880116959064 0.49317738791423 0.023391812865497075 0.037037037037037035
0 0.9244334795321637 0.7750162443144899 0.028143274853801168 0.04743339831059129
0 0.6365131578947368 0.6653671215074723 0.019554093567251463 0.036712150747238464
0 0.242781432748538 0.03281351526965562 0.022478070175438597 0.04938271604938271
0 0.8484100877192983 0.4085445094217024 0.03508771929824561 0.0594541910331384
0 0.06990131578947369 0.09551656920077972 0.02266081871345029 0.038011695906432746
0 0.5289656432748538 0.5974658869395711 0.01918859649122807 0.03508771929824561
0 0.4613486842105263 0.6419753086419753 0.029605263157894735 0.057179987004548405
0 0.5360014619883041 0.9556530214424951 0.03307748538011696 0.056855100714749834
0 0.03344298245614035 0.5893437296946069 0.03490497076023392 0.06075373619233268
0 0.5812317251461988 0.8062053281351527 0.01864035087719298 0.03346328784925276
0 0.9395102339181286 0.9104938271604939 0.031980994152046784 0.057829759584145546
0 0.5747441520467836 0.6171215074723847 0.01827485380116959 0.0341130604288499
0 0.62015716374269 0.4236517218973359 0.013157894736842105 0.028265107212475632
0 0.8568165204678363 0.3822287199480182 0.02540204678362573 0.04808317089018843
0 0.7916666666666666 0.46182586094866795 0.029239766081871343 0.05198180636777128
0 0.7887426900584795 0.30328135152696556 0.018457602339181287 0.03281351526965562
0 0.6841191520467836 0.5737491877842755 0.029239766081871343 0.05490578297595841
0 0.3045504385964912 0.1871345029239766 0.01864035087719298 0.03508771929824561
0 0.05025584795321637 0.5269655620532814 0.034173976608187134 0.05880441845354126
0 0.2633406432748538 0.28362573099415206 0.017361111111111112 0.02729044834307992
0 0.2571271929824561 0.32082521117608837 0.02412280701754386 0.042884990253411304
0 0.9516630116959064 0.6273554256010396 0.029788011695906433 0.04743339831059129
0 0.1251827485380117 0.5536062378167641 0.0360014619883041 0.06302794022092267
0 0.7510051169590644 0.833170890188434 0.02138157894736842 0.030864197530864196
0 0.07739400584795321 0.8976608187134503 0.02448830409356725 0.03476283300844704
0 0.05345394736842105 0.5860948667966212 0.02412280701754386 0.04710851202079272
0 0.3428362573099415 0.36371020142949967 0.022112573099415205 0.03996101364522417
0 0.2835343567251462 0.5212800519818064 0.024853801169590642 0.04061078622482131
0 0.8860562865497076 0.5961663417803769 0.025950292397660817 0.04743339831059129
0 0.3201754385964912 0.26364522417153996 0.018457602339181287 0.037686809616634176
0 0.3881578947368421 0.5542560103963613 0.025584795321637425 0.04808317089018843
0 0.6919773391812866 0.9834307992202729 0.02540204678362573 0.03313840155945419
0 0.7833516081871345 0.21052631578947367 0.01699561403508772 0.0341130604288499
0 0.8266630116959064 0.7400909681611436 0.02631578947368421 0.04678362573099415
0 0.02677266081871345 0.22335932423651722 0.02448830409356725 0.044509421702404156
0 0.6377010233918129 0.5258284600389863 0.03216374269005848 0.05977907732293697
0 0.18210891812865498 0.46393762183235865 0.019371345029239765 0.0341130604288499
0 0.6019736842105263 0.8520142949967512 0.021929824561403508 0.04126055880441845
0 0.5989583333333334 0.3742690058479532 0.012975146198830409 0.02696556205328135
0 0.15250365497076024 0.044509421702404156 0.01918859649122807 0.038011695906432746
0 0.9337536549707602 0.10250162443144899 0.03289473684210526 0.05912930474333983
0 0.7595029239766082 0.7210851202079273 0.030153508771929825 0.050682261208576995
0 0.7442434210526315 0.45402858999350226 0.02266081871345029 0.03573749187784275
0 0.6076388888888888 0.33999350227420405 0.023026315789473683 0.04905782975958414
0 0.3730811403508772 0.17868745938921377 0.01699561403508772 0.03833658219623132
0 0.16904239766081872 0.11630929174788823 0.024305555555555556 0.03996101364522417
0 0.44974415204678364 0.7256335282651072 0.03326023391812866 0.05847953216374269
0 0.22870979532163743 0.41325536062378165 0.023574561403508772 0.04191033138401559
0 0.5524488304093568 0.8612735542560104 0.03271198830409357 0.05912930474333983
0 0.28188961988304095 0.17576348278102663 0.018092105263157895 0.03378817413905133
0 0.8761878654970761 0.43193632228719947 0.03234649122807018 0.058154645873944116
0 0.32748538011695905 0.2387914230019493 0.016264619883040937 0.029239766081871343
0 0.27540204678362573 0.5571799870045484 0.01882309941520468 0.037037037037037035
0 0.539656432748538 0.16780376868096167 0.01608187134502924 0.03281351526965562
0 0.8382675438596491 0.6003898635477583 0.02266081871345029 0.036712150747238464
0 0.32319078947368424 0.2157244964262508 0.018092105263157895 0.03281351526965562
0 0.5101425438596491 0.06075373619233268 0.023574561403508772 0.037686809616634176
0 0.07748538011695906 0.7160493827160493 0.02320906432748538 0.04028589993502274
0 0.6757127192982456 0.5482456140350878 0.016264619883040937 0.03476283300844704
0 0.4523940058479532 0.2256335282651072 0.017178362573099414 0.030214424951267055
0 0.5328947368421053 0.27631578947368424 0.01864035087719298 0.03476283300844704
0 0.10142543859649122 0.6450617283950617 0.01644736842105263 0.025341130604288498
0 0.010873538011695907 0.20662768031189083 0.02046783625730994 0.037361923326835605
0 0.8174342105263158 0.200454840805718 0.01644736842105263 0.028589993502274202
0 0.12627923976608188 0.9327485380116959 0.031432748538011694 0.05555555555555555
0 0.7899305555555556 0.2805393112410656 0.02010233918128655 0.03183885640025991
0 0.04276315789473684 0.8060428849902534 0.021747076023391813 0.029564652371669914
0 0.33653143274853803 0.4140675763482781 0.030519005847953216 0.05490578297595841
0 0.4777046783625731 0.23846653671215073 0.011330409356725146 0.02729044834307992
0 0.05637792397660819 0.15692007797270954 0.020650584795321638 0.03183885640025991
0 0.7012061403508771 0.12475633528265107 0.012609649122807017 0.029564652371669914
0 0.44590643274853803 0.2884990253411306 0.02448830409356725 0.044184535412605586
0 0.35233918128654973 0.642949967511371 0.02850877192982456 0.04938271604938271
0 0.7086074561403509 0.874106562703054 0.017178362573099414 0.029889538661468484
0 0.7381213450292398 0.3591617933723197 0.01699561403508772 0.03508771929824561
0 0.5572916666666666 0.5679012345679012 0.014437134502923976 0.030864197530864196
0 0.3483187134502924 0.3382066276803119 0.018457602339181287 0.028914879792072773
0 0.7960526315789473 0.4072449642625081 0.02412280701754386 0.04093567251461988
0 0.2999817251461988 0.7090643274853801 0.019371345029239765 0.03378817413905133
0 0.7534722222222222 0.30669265756985054 0.016812865497076022 0.028914879792072773
0 0.08132309941520467 0.9355100714749838 0.0268640350877193 0.043859649122807015
0 0.6931652046783626 0.8784925276153346 0.025219298245614034 0.04645873944119558
0 0.4128289473684211 0.3710201429499675 0.01663011695906433 0.037037037037037035
0 0.2596856725146199 0.547270955165692 0.02942251461988304 0.04905782975958414
0 0.12189327485380116 0.3088044184535413 0.018457602339181287 0.0341130604288499
0 0.8949195906432749 0.14733593242365173 0.03125 0.057179987004548405
0 0.7359283625730995 0.7829759584145549 0.041666666666666664 0.07472384665367121
0 0.8241959064327485 0.16650422352176739 0.012975146198830409 0.02729044834307992
0 0.5731907894736842 0.3687459389213775 0.01663011695906433 0.02664067576348278
0 0.8415570175438597 0.5425601039636128 0.0268640350877193 0.043209876543209874
0 0.43238304093567254 0.38628979857050033 0.016264619883040937 0.029239766081871343
0 0.2997076023391813 0.3203378817413905 0.017361111111111112 0.03281351526965562
0 0.36101973684210525 0.4186159844054581 0.023940058479532164 0.04158544509421702
0 0.4849232456140351 0.0880441845354126 0.020833333333333332 0.04191033138401559
0 0.9350328947368421 0.2876868096166342 0.03252923976608187 0.05523066926575698
0 0.2598684210526316 0.8594866796621182 0.031432748538011694 0.056530214424951264
0 0.49680190058479534 0.8594866796621182 0.02887426900584795 0.050357374918778425
0 0.8069261695906432 0.32115009746588696 0.014437134502923976 0.028589993502274202
0 0.6678545321637427 0.7826510721247564 0.02046783625730994 0.03508771929824561
0 0.10699926900584796 0.41163092917478883 0.03929093567251462 0.0682261208576998
0 0.7682748538011696 0.5830084470435347 0.027595029239766082 0.0539311241065627
0 0.01023391812865497 0.4309616634178038 0.02046783625730994 0.051007147498375566
0 0.5716374269005848 0.44834307992202727 0.016812865497076022 0.030864197530864196
0 0.9155701754385965 0.9371345029239766 0.027777777777777776 0.04483430799220273
0 0.04870248538011696 0.9770955165692008 0.031980994152046784 0.04548408057179987
0 0.618421052631579 0.6580571799870045 0.019554093567251463 0.03313840155945419
0 0.6813779239766082 0.6249187784275504 0.030519005847953216 0.0539311241065627
0 0.036366959064327485 0.6447368421052632 0.02266081871345029 0.03541260558804418
0 0.8783808479532164 0.09486679662118258 0.030519005847953216 0.05263157894736842
0 0.6654788011695907 0.2334307992202729 0.020833333333333332 0.037037037037037035
0 0.2666301169590643 0.46296296296296297 0.03033625730994152 0.05555555555555555
0 0.9612573099415205 0.8206627680311891 0.03307748538011696 0.04905782975958414
0 0.16164108187134502 0.019980506822612085 0.023391812865497075 0.03996101364522417
0 0.40350877192982454 0.08187134502923976 0.01882309941520468 0.03898635477582846
0 0.04632675438596491 0.5601039636127355 0.0266812865497076 0.043209876543209874
0 0.6206140350877193 0.7733918128654971 0.026498538011695907 0.04743339831059129
0 0.35370979532163743 0.5683885640025991 0.023026315789473683 0.04808317089018843
0 0.4057017543859649 0.8068551007147499 0.02266081871345029 0.0396361273554256
0 0.3940972222222222 0.28411306042884993 0.012244152046783625 0.02729044834307992
0 0.4037828947368421 0.2332683560753736 0.014619883040935672 0.03508771929824561
0 0.7354714912280702 0.17089018843404807 0.027412280701754384 0.05523066926575698
0 0.48693347953216376 0.3554256010396361 0.01699561403508772 0.0341130604288499
0 0.15953947368421054 0.8317089018843404 0.019005847953216373 0.03248862897985705
0 0.43393640350877194 0.8000324886289799 0.01882309941520468 0.03248862897985705
0 0.028417397660818713 0.5175438596491229 0.021198830409356724 0.036387264457439894
0 0.3915387426900585 0.31237816764132553 0.01608187134502924 0.03346328784925276
0 0.8192616959064327 0.40594541910331383 0.019371345029239765 0.031189083820662766
0 0.8877010233918129 0.6710526315789473 0.024671052631578948 0.04223521767381416
0 0.9527595029239766 0.7742040285899935 0.033625730994152045 0.06205328135152696
0 0.11960891812865497 0.48879142300194933 0.018092105263157895 0.03378817413905133
0 0.7263340643274854 0.834307992202729 0.023026315789473683 0.04093567251461988
0 0.9343019005847953 0.3390188434048083 0.030884502923976608 0.0539311241065627
0 0.3098501461988304 0.3112410656270305 0.017178362573099414 0.036387264457439894
0 0.8928179824561403 0.633203378817414 0.029605263157894735 0.05198180636777128
0 0.7839912280701754 0.01332033788174139 0.01644736842105263 0.02664067576348278
0 0.43475877192982454 0.6106237816764133 0.026498538011695907 0.0451591942820013
0 0.08872441520467836 0.7024041585445094 0.02320906432748538 0.0396361273554256
0 0.5045687134502924 0.48505523066926576 0.027046783625730993 0.049707602339181284
0 0.3358918128654971 0.4587394411955815 0.03179824561403509 0.056855100714749834
0 0.08470394736842106 0.15789473684210525 0.025950292397660817 0.04548408057179987
0 0.7029422514619883 0.17755035737491878 0.022478070175438597 0.038011695906432746
0 0.6650219298245614 0.2093892137751787 0.018092105263157895 0.03216374269005848
0 0.39089912280701755 0.41780376868096164 0.013157894736842105 0.02729044834307992
0 0.5911001461988304 0.7274204028589993 0.0133406432748538 0.022742040285899934
0 0.4989948830409357 0.1421377517868746 0.011695906432748537 0.02111760883690708
0 0.4918676900584795 0.6889213775178687 0.018457602339181287 0.037037037037037035
0 0.6555190058479532 0.6098115659519169 0.027412280701754384 0.048408057179987
0 0.6419042397660819 0.47287199480181935 0.027960526315789474 0.048408057179987
0 0.038559941520467836 0.44298245614035087 0.022478070175438597 0.036712150747238464
0 0.53609283625731 0.2189733593242365 0.017726608187134504 0.029889538661468484
0 0.14546783625730994 0.9590643274853801 0.026133040935672515 0.04028589993502274
0 0.046875 0.18762183235867447 0.019919590643274854 0.04093567251461988
0 0.602796052631579 0.5795971410006497 0.02284356725146199 0.0396361273554256
0 0.51078216374269 0.296133853151397 0.0133406432748538 0.024691358024691357
0 0.4882127192982456 0.21393762183235868 0.0133406432748538 0.028589993502274202
0 0.7324561403508771 0.6968810916179338 0.026498538011695907 0.043859649122807015
0 0.8905336257309941 0.9792072774528915 0.03070175438596491 0.04158544509421702
0 0.3273940058479532 0.5032488628979858 0.029239766081871343 0.051007147498375566
0 0.08781067251461988 0.26526965562053284 0.017361111111111112 0.03443794671864847
0 0.4081688596491228 0.3401559454191033 0.01114766081871345 0.02014294996751137
0 0.11412646198830409 0.22888239116309292 0.02101608187134503 0.037037037037037035
0 0.006578947368421052 0.9117933723196882 0.013157894736842105 0.037361923326835605
0 0.4003106725146199 0.4158544509421702 0.015716374269005847 0.030214424951267055
0 0.3877923976608187 0.33641975308641975 0.01699561403508772 0.036062378167641324
0 0.6153143274853801 0.28167641325536064 0.017361111111111112 0.036712150747238464
0 0.5770285087719298 0.5203053931124106 0.020833333333333332 0.03833658219623132
0 0.8202668128654971 0.0836582196231319 0.024671052631578948 0.044509421702404156
0 0.685672514619883 0.4207277452891488 0.017361111111111112 0.029239766081871343
0 0.23327850877192982 0.39067576348278105 0.01663011695906433 0.03508771929824561
0 0.12627923976608188 0.45191682910981157 0.01644736842105263 0.028589993502274202
0 0.6852156432748538 0.2941845354126056 0.019736842105263157 0.037037037037037035
0 0.3986659356725146 0.25958414554905784 0.010416666666666666 0.02761533463287849
0 0.18622076023391812 0.8853151397011046 0.020285087719298246 0.03183885640025991
0 0.3723501461988304 0.817738791423002 0.02320906432748538 0.04028589993502274
0 0.5137061403508771 0.8304093567251462 0.03490497076023392 0.0649772579597141
0 0.7511878654970761 0.24772579597141 0.014437134502923976 0.02664067576348278
0 0.65140716374269 0.5690383365821963 0.01699561403508772 0.03313840155945419
0 0.7395833333333334 0.3983105912930474 0.028143274853801168 0.04775828460038986
0 0.6228070175438597 0.20873944119558155 0.02540204678362573 0.03996101364522417
0 0.4046966374269006 0.4855425601039636 0.023574561403508772 0.043534762833008445
0 0.5724597953216374 0.8333333333333334 0.015350877192982455 0.02761533463287849
0 0.597953216374269 0.9103313840155945 0.023757309941520467 0.037361923326835605
0 0.3319627192982456 0.03476283300844704 0.016264619883040937 0.030214424951267055
0 0.570906432748538 0.7166991552956465 0.01516812865497076 0.02631578947368421
0 0.6236293859649122 0.3170890188434048 0.019736842105263157 0.04126055880441845
0 0.5848866959064327 0.17738791423001948 0.017178362573099414 0.029889538661468484
0 0.696546052631579 0.599090318388564 0.015350877192982455 0.028914879792072773
0 0.39364035087719296 0.7105263157894737 0.010782163742690058 0.02079272254710851
0 0.7737573099415205 0.3058804418453541 0.017543859649122806 0.037686809616634176
0 0.8748172514619883 0.06578947368421052 0.027046783625730993 0.04775828460038986
0 0.12344663742690058 0.049707602339181284 0.01918859649122807 0.037686809616634176
0 0.654422514619883 0.3336582196231319 0.019736842105263157 0.03573749187784275
0 0.9182200292397661 0.9735217673814165 0.03271198830409357 0.05295646523716699
0 0.5053910818713451 0.9632878492527616 0.02503654970760234 0.037361923326835605
0 0.6629203216374269 0.6639051332033788 0.021747076023391813 0.04256010396361273
0 0.5300621345029239 0.7342430149447693 0.01699561403508772 0.031189083820662766
0 0.34576023391812866 0.6988304093567251 0.019736842105263157 0.03476283300844704
0 0.1766264619883041 0.0242040285899935 0.015899122807017545 0.028589993502274202
0 0.8926352339181286 0.8109161793372319 0.027412280701754384 0.04808317089018843
0 0.36229897660818716 0.8780051981806368 0.016264619883040937 0.029239766081871343
0 0.8794773391812866 0.3937621832358674 0.025767543859649123 0.04873294346978557
0 0.8828581871345029 0.3414554905782976 0.026498538011695907 0.0451591942820013
0 0.6599049707602339 0.10981156595191682 0.015350877192982455 0.030864197530864196
0 0.6970029239766082 0.7693307342430149 0.031067251461988302 0.05328135152696556
0 0.8126827485380117 0.5994152046783626 0.0356359649122807 0.06140350877192982
0 0.20221125730994152 0.8011695906432749 0.034173976608187134 0.05847953216374269
0 0.30372807017543857 0.5984405458089669 0.031067251461988302 0.05295646523716699
0 0.6271929824561403 0.23538011695906433 0.024853801169590642 0.042884990253411304
0 0.3736293859649123 0.9069200779727096 0.03216374269005848 0.04678362573099415
0 0.14738669590643275 0.38141650422352175 0.021564327485380116 0.03996101364522417
0 0.41154970760233917 0.6908706952566601 0.014437134502923976 0.029239766081871343
0 0.8533442982456141 0.1375893437296946 0.02320906432748538 0.04126055880441845
0 0.20385599415204678 0.3815789473684211 0.01663011695906433 0.03151397011046134
0 0.05656067251461988 0.1817738791423002 0.01699561403508772 0.028265107212475632
0 0.5313413742690059 0.25227420402859 0.01827485380116959 0.029239766081871343
0 0.8592836257309941 0.49496426250812214 0.021198830409356724 0.036062378167641324
0 0.6835709064327485 0.2508122157244964 0.018092105263157895 0.0341130604288499
0 0.09630847953216375 0.8646848602988954 0.031980994152046784 0.04710851202079272
0 0.24049707602339182 0.294996751137102 0.017726608187134504 0.0341130604288499
0 0.5002741228070176 0.4457439896036387 0.023391812865497075 0.04191033138401559
0 0.7709247076023392 0.3786549707602339 0.02138157894736842 0.037361923326835605
0 0.627375730994152 0.6051007147498375 0.01699561403508772 0.030864197530864196
0 0.5730994152046783 0.6580571799870045 0.02320906432748538 0.043534762833008445
0 0.13815789473684212 0.4403833658219623 0.02320906432748538 0.04061078622482131
0 0.22194809941520469 0.3723196881091618 0.02046783625730994 0.037361923326835605
0 0.380391081871345 0.03167641325536062 0.023940058479532164 0.04905782975958414
0 0.14948830409356725 0.47498375568551005 0.023574561403508772 0.038011695906432746
0 0.2781432748538012 0.7210851202079273 0.031980994152046784 0.05198180636777128
0 0.8611111111111112 0.6998050682261209 0.036915204678362575 0.06335282651072124
0 0.7841739766081871 0.09210526315789473 0.01425438596491228 0.02696556205328135
0 0.19161184210526316 0.865009746588694 0.03527046783625731 0.057179987004548405
0 0.7860014619883041 0.34860298895386616 0.019736842105263157 0.03833658219623132
0 0.05381944444444445 0.24090318388564003 0.025584795321637425 0.0396361273554256
0 0.69828216374269 0.8027940220922677 0.03490497076023392 0.056530214424951264
0 0.254203216374269 0.14051332033788175 0.013706140350877192 0.02631578947368421
0 0.27978801169590645 0.7688434048083171 0.026498538011695907 0.04743339831059129
0 0.6988304093567251 0.36289798570500326 0.026133040935672515 0.04873294346978557
0 0.5604897660818714 0.34779077322936974 0.014619883040935672 0.02794022092267706
0 0.6104714912280702 0.9275503573749188 0.03344298245614035 0.058154645873944116
0 0.5168128654970761 0.4155295646523717 0.019554093567251463 0.03476283300844704
0 0.16767178362573099 0.3645224171539961 0.021929824561403508 0.04028589993502274
0 0.16474780701754385 0.9800194931773879 0.02905701754385965 0.03996101364522417
0 0.42160087719298245 0.4023716699155296 0.014437134502923976 0.025016244314489927
0 0.7382127192982456 0.1286549707602339 0.024853801169590642 0.048408057179987
0 0.21966374269005848 0.053118908382066274 0.03271198830409357 0.05880441845354126
0 0.8835891812865497 0.49707602339181284 0.025219298245614034 0.0451591942820013
0 0.9597953216374269 0.3216374269005848 0.023940058479532164 0.04158544509421702
0 0.8666849415204678 0.7923976608187134 0.031432748538011694 0.05360623781676413
0 0.6943530701754386 0.3313840155945419 0.02266081871345029 0.03866146848602989
0 0.2959612573099415 0.2886614684860299 0.014619883040935672 0.02794022092267706
0 0.5632309941520468 0.4679987004548408 0.023757309941520467 0.04743339831059129
0 0.4121893274853801 0.9244639376218323 0.03508771929824561 0.06237816764132553
0 0.7827119883040936 0.12150747238466536 0.02540204678362573 0.04613385315139701
0 0.4399671052631579 0.25 0.01699561403508772 0.029889538661468484
0 0.5574744152046783 0.413417803768681 0.014985380116959063 0.02664067576348278
0 0.8528874269005848 0.9478557504873294 0.024305555555555556 0.038011695906432746
0 0.7390350877192983 0.6000649772579597 0.033808479532163746 0.0594541910331384
0 0.29541301169590645 0.1278427550357375 0.022478070175438597 0.04061078622482131
0 0.8920869883040936 0.025178687459389212 0.028691520467836257 0.050032488628979854
0 0.03536184210526316 0.4930149447693307 0.03654970760233918 0.057829759584145546
0 0.841374269005848 0.33300844704353477 0.014985380116959063 0.030214424951267055
0 0.25639619883040937 0.7282326185834957 0.01699561403508772 0.03151397011046134
0 0.5009137426900585 0.12118258609486679 0.014985380116959063 0.030539311241065625
0 0.4786184210526316 0.5838206627680312 0.014985380116959063 0.02729044834307992
0 0.7072368421052632 0.3140025990903184 0.023026315789473683 0.04548408057179987
0 0.5602156432748538 0.7300194931773879 0.012792397660818713 0.024041585445094216
0 0.36175073099415206 0.10997400909681611 0.015716374269005847 0.03183885640025991
0 0.120796783625731 0.20825211176088368 0.020833333333333332 0.04093567251461988
0 0.03572733918128655 0.19574398960363873 0.02046783625730994 0.03248862897985705
0 0.8036366959064327 0.2046783625730994 0.021747076023391813 0.03443794671864847
0 0.7453399122807017 0.10363872644574398 0.012426900584795321 0.025016244314489927
0 0.39089912280701755 0.5042235217673814 0.012609649122807017 0.024366471734892786
0 0.6743421052631579 0.15155945419103314 0.01644736842105263 0.029564652371669914
0 0.8152412280701754 0.2551981806367771 0.023026315789473683 0.043209876543209874
0 0.21070906432748537 0.48602988953866144 0.025767543859649123 0.043859649122807015
0 0.4317434210526316 0.49041585445094216 0.020285087719298246 0.037361923326835605
0 0.09530336257309942 0.04548408057179987 0.01699561403508772 0.03151397011046134
0 0.16648391812865498 0.22742040285899934 0.027412280701754384 0.04710851202079272
0 0.9118238304093568 0.9127680311890838 0.026498538011695907 0.044184535412605586
0 0.5611293859649122 0.21377517868745938 0.015716374269005847 0.028914879792072773
0 0.019005847953216373 0.5560428849902534 0.028326023391812866 0.04938271604938271
0 0.3362573099415205 0.8099415204678363 0.03234649122807018 0.06075373619233268
0 0.2791483918128655 0.04532163742690058 0.01864035087719298 0.03216374269005848
0 0.5086805555555556 0.5134827810266407 0.014071637426900584 0.025341130604288498
0 0.32593201754385964 0.05116959064327485 0.014437134502923976 0.02631578947368421
0 0.5642361111111112 0.3172514619883041 0.01827485380116959 0.03346328784925276
0 0.7821637426900585 0.9658869395711501 0.023574561403508772 0.037361923326835605
0 0.42315423976608185 0.37735542560103963 0.013888888888888888 0.02696556205328135
0 0.6584429824561403 0.5188434048083171 0.02850877192982456 0.05360623781676413
0 0.3049159356725146 0.4262508122157245 0.02101608187134503 0.036712150747238464
0 0.37015716374269003 0.6431124106562703 0.020833333333333332 0.03898635477582846
0 0.8578216374269005 0.6640675763482781 0.027595029239766082 0.04645873944119558
0 0.15487938596491227 0.46182586094866795 0.027595029239766082 0.050032488628979854
0 0.6294773391812866 0.8377192982456141 0.023026315789473683 0.04710851202079272
0 0.7874634502923976 0.16552956465237167 0.02284356725146199 0.03931124106562703
0 0.3207236842105263 0.09535412605588044 0.015716374269005847 0.031189083820662766
0 0.5957602339181286 0.8880766731643924 0.016264619883040937 0.029889538661468484
0 0.8739948830409356 0.47400909681611436 0.017543859649122806 0.030539311241065625
0 0.2122624269005848 0.9228395061728395 0.027595029239766082 0.044184535412605586
0 0.6288377192982456 0.02322936972059779 0.026498538011695907 0.04645873944119558
0 0.9290021929824561 0.6820987654320988 0.01918859649122807 0.030864197530864196
0 0.2046783625730994 0.753411306042885 0.019371345029239765 0.03313840155945419
0 0.46747076023391815 0.8276478232618584 0.03125 0.05977907732293697
0 0.4451754385964912 0.48846653671215073 0.02887426900584795 0.05360623781676413
0 0.4575109649122807 0.7821637426900585 0.031980994152046784 0.06075373619233268
0 0.17991593567251463 0.7381416504223521 0.02046783625730994 0.036712150747238464
0 0.5307931286549707 0.5607537361923327 0.02540204678362573 0.044509421702404156
0 0.44334795321637427 0.5683885640025991 0.019736842105263157 0.037361923326835605
0 0.6132127192982456 0.5622157244964262 0.015533625730994151 0.030864197530864196
0 0.9719480994152047 0.3443794671864847 0.01882309941520468 0.031189083820662766
0 0.5341739766081871 0.7888239116309291 0.017361111111111112 0.03443794671864847
0 0.6025219298245614 0.017543859649122806 0.01425438596491228 0.03346328784925276
0 0.4149305555555556 0.47173489278752434 0.012792397660818713 0.029239766081871343
0 0.43128654970760233 0.3427550357374919 0.02266081871345029 0.04126055880441845
0 0.5915570175438597 0.08820662768031189 0.01206140350877193 0.02599090318388564
0 0.9471856725146199 0.44996751137102015 0.039656432748538015 0.06855100714749837
0 0.8934576023391813 0.11208576998050682 0.020650584795321638 0.038011695906432746
0 0.7503654970760234 0.4757959714100065 0.01827485380116959 0.03313840155945419
0 0.5172697368421053 0.3088044184535413 0.013888888888888888 0.02696556205328135
0 0.7723866959064327 0.45077972709551656 0.027777777777777776 0.051007147498375566
0 0.33068347953216376 0.3198505523066927 0.01827485380116959 0.037686809616634176
0 0.6678545321637427 0.25471085120207926 0.01608187134502924 0.028914879792072773
0 0.7491776315789473 0.5061728395061729 0.030519005847953216 0.05555555555555555
0 0.4199561403508772 0.09551656920077972 0.012609649122807017 0.029564652371669914
0 0.27439692982456143 0.6798245614035088 0.027046783625730993 0.051332033788174136
0 0.2610562865497076 0.05116959064327485 0.01663011695906433 0.03508771929824561
0 0.4830043859649123 0.8976608187134503 0.02905701754385965 0.05847953216374269
0 0.8394554093567251 0.8195256660168941 0.034722222222222224 0.06172839506172839
0 0.41895102339181284 0.27355425601039635 0.016264619883040937 0.03183885640025991
0 0.17132675438596492 0.7555230669265757 0.033625730994152045 0.06172839506172839
0 0.21180555555555555 0.7017543859649122 0.019736842105263157 0.03183885640025991
0 0.86421783625731 0.6325536062378168 0.020833333333333332 0.03508771929824561
0 0.49296418128654973 0.6621182586094867 0.016264619883040937 0.03183885640025991
0 0.12920321637426901 0.3023066926575699 0.017543859649122806 0.0341130604288499
0 0.5388340643274854 0.5178687459389214 0.024305555555555556 0.04223521767381416
0 0.195906432748538 0.8372319688109162 0.027595029239766082 0.04191033138401559
0 0.4397843567251462 0.43762183235867447 0.015350877192982455 0.03151397011046134
0 0.40880847953216376 0.05555555555555555 0.022112573099415205 0.04938271604938271
0 0.24049707602339182 0.2566601689408707 0.015899122807017545 0.029889538661468484
0 0.6840277777777778 0.21312540610786224 0.01827485380116959 0.04126055880441845
0 0.5191885964912281 0.5505198180636777 0.014071637426900584 0.02729044834307992
0 0.6301169590643275 0.4660493827160494 0.01516812865497076 0.030214424951267055
0 0.5190972222222222 0.14132553606237816 0.019554093567251463 0.03541260558804418
0 0.5526315789473685 0.19476933073424302 0.01663011695906433 0.03183885640025991
0 0.4631761695906433 0.09194282001299545 0.0133406432748538 0.03183885640025991
0 0.34375 0.16764132553606237 0.015533625730994151 0.03151397011046134
0 0.7485380116959064 0.2919103313840156 0.02010233918128655 0.03541260558804418
0 0.5059393274853801 0.08901884340480831 0.020833333333333332 0.0341130604288499
0 0.3757309941520468 0.30539311241065625 0.023574561403508772 0.043534762833008445
0 0.8401864035087719 0.3104288499025341 0.021747076023391813 0.04223521767381416
0 0.7362938596491229 0.5407732293697206 0.014619883040935672 0.02599090318388564
0 0.6064510233918129 0.8836907082521117 0.016812865497076022 0.029564652371669914
0 0.7171052631578947 0.4226770630279402 0.017909356725146198 0.03183885640025991
0 0.7386695906432749 0.47076023391812866 0.017909356725146198 0.03378817413905133
0 0.8019005847953217 0.36582196231319036 0.022478070175438597 0.036387264457439894
0 0.3042763157894737 0.8039311241065628 0.02284356725146199 0.0396361273554256
0 0.0918311403508772 0.3360948667966212 0.023026315789473683 0.043859649122807015
0 0.2768640350877193 0.3263482781026641 0.021564327485380116 0.03833658219623132
0 0.5778508771929824 0.34990253411306044 0.01425438596491228 0.02794022092267706
0 0.31716008771929827 0.16894087069525665 0.01699561403508772 0.0341130604288499
0 0.3846856725146199 0.14571150097465888 0.029788011695906433 0.04775828460038986
0 0.7091557017543859 0.5885315139701105 0.018457602339181287 0.030864197530864196
0 0.011330409356725146 0.7737166991552956 0.02266081871345029 0.056855100714749834
0 0.579952485380117 0.27030539311241064 0.018092105263157895 0.03346328784925276
0 0.7290752923976608 0.07602339181286549 0.02905701754385965 0.04873294346978557
0 0.6368786549707602 0.6111111111111112 0.018457602339181287 0.0341130604288499
0 0.6747989766081871 0.3149772579597141 0.013706140350877192 0.02761533463287849
0 0.37682748538011696 0.5082846003898636 0.023391812865497075 0.03931124106562703
0 0.14181286549707603 0.15025990903183886 0.014985380116959063 0.023716699155295645
0 0.8553545321637427 0.29012345679012347 0.01516812865497076 0.024691358024691357
0 0.6672149122807017 0.4277128005198181 0.021747076023391813 0.03898635477582846
0 0.8156067251461988 0.4678362573099415 0.03070175438596491 0.05880441845354126
0 0.8083881578947368 0.5601039636127355 0.020650584795321638 0.03183885640025991
0 0.33653143274853803 0.23196881091617932 0.012975146198830409 0.023066926575698504
0 0.23684210526315788 0.9801819363222872 0.03453947368421053 0.0396361273554256
0 0.5471491228070176 0.5687134502923976 0.014802631578947368 0.029239766081871343
0 0.4718567251461988 0.10136452241715399 0.014802631578947368 0.03573749187784275
0 0.7754020467836257 0.25471085120207926 0.012792397660818713 0.022417153996101363
0 0.2361111111111111 0.6567576348278102 0.021564327485380116 0.03996101364522417
0 0.3795687134502924 0.05701754385964912 0.013157894736842105 0.029239766081871343
0 0.6941703216374269 0.4619883040935672 0.024305555555555556 0.04548408057179987
0 0.00758406432748538 0.30441845354126057 0.013706140350877192 0.025016244314489927
0 0.815515350877193 0.23066926575698504 0.016812865497076022 0.030214424951267055
0 0.772843567251462 0.3406432748538012 0.02540204678362573 0.0451591942820013
0 0.009868421052631578 0.5786224821312541 0.019736842105263157 0.04873294346978557
0 0.7407711988304093 0.6608187134502924 0.031980994152046784 0.057504873294346975
0 0.29102704678362573 0.23424301494476932 0.01827485380116959 0.03313840155945419
0 0.889985380116959 0.28898635477582846 0.02631578947368421 0.044509421702404156
0 0.3485014619883041 0.11533463287849252 0.022112573099415205 0.03833658219623132
0 0.11019736842105263 0.6051007147498375 0.03125 0.05295646523716699
0 0.6515899122807017 0.4239766081871345 0.01663011695906433 0.029239766081871343
0 0.6263706140350878 0.12134502923976608 0.013523391812865496 0.028265107212475632
0 0.9461805555555556 0.5050357374918778 0.036915204678362575 0.06075373619233268
0 0.5217470760233918 0.2608836907082521 0.012792397660818713 0.024041585445094216
0 0.5610380116959064 0.14165042235217673 0.03435672514619883 0.06465237166991553
0 0.6232638888888888 0.714100064977258 0.023026315789473683 0.04028589993502274
0 0.5952119883040936 0.7423651721897336 0.014619883040935672 0.02664067576348278
0 0.7370248538011696 0.30864197530864196 0.01864035087719298 0.0341130604288499
0 0.5163559941520468 0.4730344379467186 0.019371345029239765 0.037361923326835605
0 0.6365131578947368 0.3084795321637427 0.014802631578947368 0.031189083820662766
0 0.1785453216374269 0.19233268356075373 0.018092105263157895 0.03541260558804418
0 0.2515533625730994 0.08820662768031189 0.01206140350877193 0.023066926575698504
0 0.6081871345029239 0.39359974009096815 0.024853801169590642 0.0396361273554256
0 0.4459978070175439 0.4171539961013645 0.024853801169590642 0.04645873944119558
0 0.5971308479532164 0.291585445094217 0.014802631578947368 0.030214424951267055
0 0.20796783625730994 0.24415204678362573 0.028326023391812866 0.051007147498375566
0 0.8174342105263158 0.30896686159844056 0.014619883040935672 0.02631578947368421
0 0.7940423976608187 0.23375568551007148 0.01206140350877193 0.025341130604288498
0 0.5845211988304093 0.7790773229369721 0.0133406432748538 0.023716699155295645
0 0.42580409356725146 0.5732618583495777 0.03527046783625731 0.06660168940870695
0 0.3034539473684211 0.683885640025991 0.02448830409356725 0.04678362573099415
0 0.9820906432748538 0.6976933073424302 0.03125 0.04678362573099415
0 0.5589364035087719 0.07212475633528265 0.020285087719298246 0.036062378167641324
0 0.2563048245614035 0.10298895386614684 0.013523391812865496 0.023391812865497075
0 0.6387061403508771 0.25877192982456143 0.019005847953216373 0.03378817413905133
0 0.7636147660818714 0.0341130604288499 0.018092105263157895 0.030214424951267055
0 0.757218567251462 0.6863222871994802 0.029970760233918127 0.05165692007797271
0 0.9535818713450293 0.17365172189733594 0.023757309941520467 0.04028589993502274
0 0.6753472222222222 0.7020792722547109 0.03929093567251462 0.07244964262508122
0 0.2623355263157895 0.26397011046133856 0.0133406432748538 0.02664067576348278
0 0.9766995614035088 0.19022092267706303 0.029970760233918127 0.050032488628979854
0 0.6253654970760234 0.387264457439896 0.012426900584795321 0.02761533463287849
0 0.15615862573099415 0.42706302794022094 0.03709795321637427 0.06335282651072124
0 0.6836622807017544 0.10510071474983755 0.02010233918128655 0.03931124106562703
0 0.2795138888888889 0.020630279402209226 0.02905701754385965 0.04093567251461988
0 0.8067434210526315 0.6665042235217674 0.019371345029239765 0.03866146848602989
0 0.7458881578947368 0.8908382066276803 0.034173976608187134 0.0594541910331384
0 0.5503472222222222 0.24707602339181287 0.01882309941520468 0.042884990253411304
0 0.7042214912280702 0.25471085120207926 0.0268640350877193 0.05295646523716699
0 0.5136147660818714 0.8692332683560754 0.022112573099415205 0.03898635477582846
0 0.08634868421052631 0.2966211825860949 0.031432748538011694 0.048408057179987
0 0.8406432748538012 0.5692007797270955 0.022112573099415205 0.03898635477582846
0 0.6248172514619883 0.8848278102664068 0.03216374269005848 0.05523066926575698
0 0.26288377192982454 0.5867446393762183 0.03326023391812866 0.05880441845354126
0 0.7297149122807017 0.7381416504223521 0.036915204678362575 0.06205328135152696
0 0.6434576023391813 0.28378817413905133 0.010599415204678362 0.025341130604288498
0 0.46655701754385964 0.307504873294347 0.015350877192982455 0.030539311241065625
0 0.038559941520467836 0.26738141650422353 0.021929824561403508 0.0341130604288499
0 0.4635416666666667 0.42121507472384667 0.02850877192982456 0.050682261208576995
0 0.584703947368421 0.21312540610786224 0.02540204678362573 0.04678362573099415
0 0.6433662280701754 0.2244964262508122 0.024853801169590642 0.05230669265756985
0 0.08991228070175439 0.5810591293047433 0.027595029239766082 0.05620532813515269
0 0.7446089181286549 0.5716374269005848 0.03618421052631579 0.05977907732293697
0 0.3675986842105263 0.45760233918128657 0.012426900584795321 0.030214424951267055
0 0.14007675438596492 0.3484405458089669 0.018092105263157895 0.03346328784925276
0 0.8589181286549707 0.6099740090968161 0.02101608187134503 0.036387264457439894
0 0.5497076023391813 0.14961013645224172 0.016264619883040937 0.03346328784925276
0 0.5387426900584795 0.4710851202079272 0.01882309941520468 0.03508771929824561
0 0.6502192982456141 0.17137751786874594 0.013888888888888888 0.02696556205328135
0 0.5531798245614035 0.010883690708252111 0.017543859649122806 0.021767381416504222
0 0.24186769005847952 0.14359974009096815 0.019919590643274854 0.0396361273554256
0 0.007401315789473684 0.2634827810266407 0.014802631578947368 0.05198180636777128
0 0.012792397660818713 0.36419753086419754 0.025584795321637425 0.05588044184535412
0 0.23382675438596492 0.2103638726445744 0.02412280701754386 0.04678362573099415
0 0.9743238304093568 0.7335932423651722 0.03125 0.05847953216374269
0 0.8520650584795322 0.1762508122157245 0.025767543859649123 0.050357374918778425
0 0.6351425438596491 0.7532488628979858 0.02503654970760234 0.04126055880441845
0 0.9554093567251462 0.5461338531513971 0.038011695906432746 0.06302794022092267
0 0.7986111111111112 0.03492527615334633 0.01644736842105263 0.028914879792072773
0 0.8401864035087719 0.6270305393112411 0.02266081871345029 0.04093567251461988
0 0.2547514619883041 0.9631254061078622 0.022112573099415205 0.036387264457439894
0 0.6690423976608187 0.2823261858349578 0.014071637426900584 0.028914879792072773
0 0.5070358187134503 0.3239116309291748 0.012975146198830409 0.023716699155295645
0 0.8144188596491229 0.5399610136452242 0.022112573099415205 0.0341130604288499
0 0.11385233918128655 0.45191682910981157 0.01864035087719298 0.0341130604288499
0 0.7199378654970761 0.46994801819363224 0.027412280701754384 0.0539311241065627
0 0.33982090643274854 0.4922027290448343 0.018457602339181287 0.03313840155945419
0 0.28271198830409355 0.6198830409356725 0.02942251461988304 0.05328135152696556
0 0.7889254385964912 0.9783950617283951 0.03728070175438596 0.043209876543209874
0 0.5407529239766082 0.19671864847303444 0.013523391812865496 0.02664067576348278
0 0.44974415204678364 0.9204028589993503 0.0222953216374269 0.04678362573099415
0 0.15889985380116958 0.08154645873944119 0.01827485380116959 0.03346328784925276
0 0.5 0.28573749187784275 0.01608187134502924 0.029564652371669914
0 0.6308479532163743 0.6955815464587395 0.02138157894736842 0.03443794671864847
0 0.8202668128654971 0.37833008447043537 0.021198830409356724 0.04093567251461988
0 0.6098318713450293 0.13190383365821962 0.01608187134502924 0.031189083820662766
0 0.8973866959064327 0.31887589343729694 0.015350877192982455 0.025016244314489927
0 0.3342470760233918 0.013482781026640675 0.018092105263157895 0.02696556205328135
0 0.10188230994152046 0.4722222222222222 0.019005847953216373 0.03443794671864847
0 0.9087171052631579 0.4416829109811566 0.03728070175438596 0.07244964262508122
0 0.16054459064327486 0.28931124106562706 0.023574561403508772 0.04613385315139701
0 0.14089912280701755 0.02257959714100065 0.014437134502923976 0.028914879792072773
0 0.41703216374269003 0.3344704353476283 0.009868421052631578 0.017543859649122806
0 0.9559576023391813 0.6889213775178687 0.024853801169590642 0.03996101364522417
0 0.8527046783625731 0.22936972059779076 0.016812865497076022 0.029564652371669914
0 0.8621162280701754 0.9348602988953866 0.02046783625730994 0.03866146848602989
0 0.6521381578947368 0.8937621832358674 0.030884502923976608 0.06107862248213125
0 0.19809941520467836 0.41114359974009096 0.019736842105263157 0.03508771929824561
0 0.8520650584795322 0.35883690708252114 0.020650584795321638 0.036387264457439894
0 0.8310489766081871 0.7792397660818714 0.022112573099415205 0.03476283300844704
0 0.704952485380117 0.05295646523716699 0.023574561403508772 0.051007147498375566
0 0.9058845029239766 0.28606237816764135 0.0268640350877193 0.051332033788174136
0 0.9141995614035088 0.5947043534762833 0.03216374269005848 0.056530214424951264
0 0.22889254385964913 0.16650422352176739 0.020285087719298246 0.050357374918778425
0 0.8939144736842105 0.7883365821962314 0.02503654970760234 0.04028589993502274
0 0.21619152046783627 0.4264132553606238 0.024671052631578948 0.043209876543209874
0 0.40158991228070173 0.3966861598440546 0.01608187134502924 0.029239766081871343
0 0.6164108187134503 0.2569850552306693 0.014985380116959063 0.030864197530864196
0 0.6337719298245614 0.27810266406757633 0.013523391812865496 0.029889538661468484
0 0.34082602339181284 0.08755685510071474 0.023574561403508772 0.04710851202079272
0 0.7783260233918129 0.18534762833008447 0.012426900584795321 0.023391812865497075
0 0.06405336257309942 0.8778427550357375 0.029605263157894735 0.04483430799220273
0 0.12582236842105263 0.1609811565951917 0.009137426900584795 0.016894087069525665
0 0.8872441520467836 0.6960688758934372 0.01608187134502924 0.030539311241065625
0 0.5298793859649122 0.16130604288499026 0.01827485380116959 0.03508771929824561
0 0.2744883040935672 0.142949967511371 0.017543859649122806 0.03476283300844704
0 0.5105080409356725 0.19233268356075373 0.020650584795321638 0.04710851202079272
0 0.4578764619883041 0.3721572449642625 0.026133040935672515 0.04613385315139701
0 0.32684576023391815 0.5679012345679012 0.017543859649122806 0.03151397011046134
0 0.37052266081871343 0.6133853151397011 0.020285087719298246 0.03508771929824561
0 0.9025036549707602 0.3341455490578298 0.016264619883040937 0.029889538661468484
0 0.5963084795321637 0.4865172189733593 0.027595029239766082 0.051332033788174136
0 0.38770102339181284 0.4579272254710851 0.029788011695906433 0.05523066926575698
0 0.33753654970760233 0.3866146848602989 0.012426900584795321 0.02599090318388564
0 0.5863486842105263 0.3136777128005198 0.017178362573099414 0.03313840155945419
0 0.5307931286549707 0.2366796621182586 0.01864035087719298 0.028589993502274202
0 0.9131944444444444 0.7292072774528915 0.03070175438596491 0.05198180636777128
0 0.08223684210526316 0.09275503573749187 0.013706140350877192 0.029239766081871343
0 0.7178362573099415 0.1882716049382716 0.012244152046783625 0.02729044834307992
0 0.9308296783625731 0.37199480181936323 0.015899122807017545 0.030864197530864196
0 0.668859649122807 0.044184535412605586 0.013523391812865496 0.02696556205328135
0 0.4461805555555556 0.4530539311241066 0.019554093567251463 0.03183885640025991
0 0.6200657894736842 0.06205328135152696 0.018457602339181287 0.030864197530864196
0 0.3909904970760234 0.48099415204678364 0.016264619883040937 0.02761533463287849
0 0.6061769005847953 0.4437946718648473 0.02320906432748538 0.037361923326835605
0 0.5746527777777778 0.4252761533463288 0.018092105263157895 0.038011695906432746
0 0.8062865497076024 0.8138401559454191 0.021564327485380116 0.04028589993502274
0 0.12490862573099415 0.9847303443794672 0.02412280701754386 0.030539311241065625
0 0.04148391812865497 0.08317089018843404 0.01882309941520468 0.03541260558804418
0 0.5292397660818714 0.3708576998050682 0.02266081871345029 0.038011695906432746
0 0.5212902046783626 0.6210201429499675 0.015533625730994151 0.02794022092267706
0 0.7983369883040936 0.020955165692007796 0.013157894736842105 0.023391812865497075
0 0.292671783625731 0.08593242365172189 0.02010233918128655 0.03378817413905133
0 0.21655701754385964 0.21523716699155296 0.020285087719298246 0.04613385315139701
0 0.9120065789473685 0.30701754385964913 0.016264619883040937 0.02696556205328135
0 0.9016812865497076 0.057829759584145546 0.012609649122807017 0.024691358024691357
0 0.5820540935672515 0.04824561403508772 0.033625730994152045 0.05295646523716699
0 0.2721125730994152 0.06172839506172839 0.015899122807017545 0.029239766081871343
0 0.34375 0.05571799870045484 0.01206140350877193 0.023716699155295645
0 0.47907529239766083 0.3767056530214425 0.01663011695906433 0.028265107212475632
0 0.04148391812865497 0.8510396361273554 0.026133040935672515 0.043859649122807015
0 0.6800073099415205 0.26933073424301496 0.014619883040935672 0.02761533463287849
0 0.6575292397660819 0.0912930474333983 0.012792397660818713 0.024366471734892786
0 0.8050986842105263 0.11614684860298895 0.01663011695906433 0.031189083820662766
0 0.5668859649122807 0.1903833658219623 0.015899122807017545 0.04028589993502274
0 0.30409356725146197 0.6255685510071475 0.019919590643274854 0.03508771929824561
0 0.8570906432748538 0.3088044184535413 0.016812865497076022 0.029239766081871343
0 0.7588633040935673 0.22839506172839505 0.021198830409356724 0.031189083820662766
0 0.09292763157894737 0.006985055230669265 0.017178362573099414 0.01397011046133853
0 0.7065058479532164 0.2823261858349578 0.02010233918128655 0.03898635477582846
0 0.49707602339181284 0.3910006497725796 0.014985380116959063 0.02664067576348278
0 0.4440789473684211 0.8875893437296946 0.02010233918128655 0.03573749187784275
0 0.8559941520467836 0.3359324236517219 0.021929824561403508 0.04256010396361273
0 0.5699926900584795 0.2433398310591293 0.013706140350877192 0.02761533463287849
0 0.6561586257309941 0.982943469785575 0.019736842105263157 0.029889538661468484
0 0.8488669590643275 0.06643924626380766 0.03453947368421053 0.06400259909031839
0 0.4452668128654971 0.5310266406757634 0.025767543859649123 0.044509421702404156
0 0.34576023391812866 0.30669265756985054 0.01644736842105263 0.03346328784925276
0 0.2303545321637427 0.28476283300844707 0.01882309941520468 0.03898635477582846
0 0.8747258771929824 0.1574074074074074 0.0266812865497076 0.0539311241065627
0 0.46710526315789475 0.5836582196231319 0.01699561403508772 0.028265107212475632
0 0.33050073099415206 0.1991552956465237 0.014071637426900584 0.02631578947368421
0 0.5286915204678363 0.31026640675763484 0.02138157894736842 0.03931124106562703
0 0.3897112573099415 0.2311565951916829 0.013523391812865496 0.02696556205328135
0 0.37052266081871343 0.8830409356725146 0.016264619883040937 0.029564652371669914
0 0.8816703216374269 0.24512670565302144 0.023026315789473683 0.04158544509421702
0 0.8032711988304093 0.05669265756985055 0.024853801169590642 0.04645873944119558
0 0.7985197368421053 0.06075373619233268 0.016264619883040937 0.029889538661468484
0 0.22688230994152048 0.7087394411955815 0.02887426900584795 0.04808317089018843
0 0.5331688596491229 0.34048083170890187 0.019005847953216373 0.03508771929824561
0 0.14108187134502925 0.3027940220922677 0.01827485380116959 0.03508771929824561
0 0.5748355263157895 0.7693307342430149 0.014802631578947368 0.025016244314489927
0 0.2605994152046784 0.22417153996101363 0.018092105263157895 0.03508771929824561
0 0.19024122807017543 0.4218648473034438 0.015533625730994151 0.029239766081871343
0 0.0642361111111111 0.38060428849902533 0.02320906432748538 0.04028589993502274
0 0.6446454678362573 0.040123456790123455 0.023940058479532164 0.048408057179987
0 0.05756578947368421 0.9491552956465237 0.026133040935672515 0.04548408057179987
0 0.6665752923976608 0.505685510071475 0.014619883040935672 0.02729044834307992
0 0.8974780701754386 0.8555880441845354 0.02101608187134503 0.03508771929824561
0 0.31332236842105265 0.5524691358024691 0.024305555555555556 0.04483430799220273
0 0.7574013157894737 0.11062378167641325 0.012792397660818713 0.02794022092267706
0 0.7714729532163743 0.4657244964262508 0.015899122807017545 0.02696556205328135
0 0.5806834795321637 0.3300844704353476 0.011878654970760233 0.021442495126705652
0 0.2465277777777778 0.649772579597141 0.023391812865497075 0.04645873944119558
0 0.4106359649122807 0.21523716699155296 0.014802631578947368 0.029239766081871343
0 0.06679459064327485 0.22400909681611436 0.011330409356725146 0.0198180636777128
0 0.031432748538011694 0.6957439896036387 0.0268640350877193 0.038011695906432746
0 0.6026133040935673 0.17024041585445093 0.020650584795321638 0.04678362573099415
0 0.990953947368421 0.5178687459389214 0.018092105263157895 0.0341130604288499
0 0.32437865497076024 0.5303768680961664 0.027595029239766082 0.04126055880441845
0 0.5920138888888888 0.05295646523716699 0.014985380116959063 0.037361923326835605
0 0.3277595029239766 0.13921377517868747 0.02101608187134503 0.04483430799220273
0 0.7396747076023392 0.8578622482131254 0.017909356725146198 0.030539311241065625
0 0.35471491228070173 0.4217024041585445 0.012609649122807017 0.024366471734892786
0 0.34502923976608185 0.38011695906432746 0.015350877192982455 0.02729044834307992
0 0.24643640350877194 0.7464262508122157 0.023026315789473683 0.038011695906432746
0 0.5904605263157895 0.5229044834307992 0.01864035087719298 0.03573749187784275
0 0.5261330409356725 0.7498375568551007 0.01206140350877193 0.022092267706302793
0 0.7927631578947368 0.25747238466536715 0.02503654970760234 0.03443794671864847
0 0.402046783625731 0.37361923326835605 0.014985380116959063 0.029889538661468484
0 0.7083333333333334 0.6200454840805718 0.02010233918128655 0.036062378167641324
0 0.6910635964912281 0.43778427550357374 0.017361111111111112 0.029889538661468484
0 0.5452302631578947 0.27794022092267706 0.01425438596491228 0.02729044834307992
0 0.5266812865497076 0.18680961663417803 0.01864035087719298 0.03833658219623132
0 0.16410818713450293 0.0550682261208577 0.014985380116959063 0.02729044834307992
0 0.21966374269005848 0.7634827810266407 0.01644736842105263 0.028914879792072773
0 0.31240862573099415 0.3851526965562053 0.013157894736842105 0.028914879792072773
0 0.7612390350877193 0.27550357374918777 0.012792397660818713 0.025016244314489927
0 0.5370979532163743 0.1301169590643275 0.019005847953216373 0.03866146848602989
0 0.5325292397660819 0.6301169590643275 0.01699561403508772 0.03378817413905133
0 0.6247258771929824 0.10363872644574398 0.014071637426900584 0.0341130604288499
0 0.43146929824561403 0.22839506172839505 0.020833333333333332 0.038011695906432746
0 0.2588633040935672 0.3822287199480182 0.027960526315789474 0.05230669265756985
0 0.15999634502923976 0.15123456790123457 0.02284356725146199 0.04743339831059129
0 0.32520102339181284 0.3476283300844704 0.015533625730994151 0.029239766081871343
0 0.6733369883040936 0.650909681611436 0.017361111111111112 0.03346328784925276
0 0.4247076023391813 0.25097465886939574 0.020650584795321638 0.044509421702404156
0 0.7143640350877193 0.5058479532163743 0.03125 0.05230669265756985
0 0.4708516081871345 0.28492527615334634 0.015716374269005847 0.03443794671864847
0 0.4340277777777778 0.9082196231319039 0.02101608187134503 0.042884990253411304
0 0.4925073099415205 0.5159194282001299 0.019371345029239765 0.037037037037037035
0 0.7215826023391813 0.03183885640025991 0.014071637426900584 0.02599090318388564
0 0.302266081871345 0.8680961663417803 0.017909356725146198 0.03281351526965562
0 0.5222953216374269 0.09811565951916829 0.018457602339181287 0.03931124106562703
0 0.08260233918128655 0.007634827810266406 0.018457602339181287 0.015269655620532813
0 0.7029422514619883 0.42560103963612733 0.016264619883040937 0.03281351526965562
0 0.0918311403508772 0.13141650422352177 0.015899122807017545 0.029239766081871343
0 0.4291849415204678 0.3088044184535413 0.01608187134502924 0.028265107212475632
0 0.584703947368421 0.2896361273554256 0.016812865497076022 0.03151397011046134
0 0.8555372807017544 0.198180636777128 0.014071637426900584 0.02696556205328135
0 0.34018640350877194 0.31432748538011696 0.01516812865497076 0.030214424951267055
0 0.4076206140350877 0.44298245614035087 0.023026315789473683 0.04061078622482131
0 0.7838084795321637 0.05149447693307342 0.022112573099415205 0.043209876543209874
0 0.11284722222222222 0.3676088369070825 0.019371345029239765 0.03508771929824561
0 0.5411184210526315 0.682261208576998 0.024853801169590642 0.04548408057179987
0 0.6710526315789473 0.9857050032488629 0.023574561403508772 0.028589993502274202
0 0.1992872807017544 0.5307017543859649 0.01827485380116959 0.03346328784925276
0 0.20010964912280702 0.2610461338531514 0.019736842105263157 0.03573749187784275
0 0.02503654970760234 0.16309291747888238 0.023574561403508772 0.05230669265756985
0 0.8120431286549707 0.6280051981806368 0.023940058479532164 0.036712150747238464
0 0.7951388888888888 0.5360623781676414 0.013706140350877192 0.024366471734892786
0 0.7045869883040936 0.09178037686809616 0.015533625730994151 0.030864197530864196
0 0.38651315789473684 0.08755685510071474 0.01516812865497076 0.028265107212475632
0 0.48930921052631576 0.23944119558154645 0.012609649122807017 0.028914879792072773
0 0.2921235380116959 0.4294996751137102 0.015533625730994151 0.030539311241065625
0 0.5061220760233918 0.24610136452241715 0.02942251461988304 0.05555555555555555
0 0.3669590643274854 0.3810916179337232 0.017909356725146198 0.03508771929824561
0 0.3672331871345029 0.28378817413905133 0.011513157894736841 0.025016244314489927
0 0.2843567251461988 0.2852501624431449 0.017909356725146198 0.0341130604288499
0 0.5382858187134503 0.06367771280051981 0.015350877192982455 0.03378817413905133
0 0.6737938596491229 0.6887589343729694 0.027777777777777776 0.04645873944119558
0 0.6190606725146199 0.874106562703054 0.017543859649122806 0.03216374269005848
0 0.75484283625731 0.7725795971410007 0.02722953216374269 0.05295646523716699
0 0.8630299707602339 0.9735217673814165 0.02284356725146199 0.04223521767381416
0 0.5033808479532164 0.9444444444444444 0.01918859649122807 0.03183885640025991
0 0.2935855263157895 0.48602988953866144 0.010051169590643274 0.017868745938921377
0 0.6197916666666666 0.6453866146848602 0.01864035087719298 0.029239766081871343
0 0.17790570175438597 0.05458089668615984 0.01608187134502924 0.029239766081871343
0 0.3265716374269006 0.7646198830409356 0.018457602339181287 0.0341130604288499
0 0.5241228070175439 0.6478232618583496 0.02503654970760234 0.043859649122807015
0 0.8019005847953217 0.2279077322936972 0.021198830409356724 0.03541260558804418
0 0.3180738304093567 0.7826510721247564 0.01864035087719298 0.037686809616634176
0 0.018731725146198832 0.11582196231319038 0.024853801169590642 0.04710851202079272
0 0.8073830409356725 0.9824561403508771 0.019736842105263157 0.0341130604288499
0 0.3685124269005848 0.2111760883690708 0.016812865497076022 0.030864197530864196
0 0.6587171052631579 0.27469135802469136 0.014802631578947368 0.030214424951267055
0 0.781889619883041 0.5024366471734892 0.013888888888888888 0.025341130604288498
0 0.469937865497076 0.5508447043534763 0.014437134502923976 0.02599090318388564
0 0.8410087719298246 0.5173814165042235 0.021198830409356724 0.03313840155945419
0 0.04952485380116959 0.657732293697206 0.017361111111111112 0.029239766081871343
0 0.38358918128654973 0.1122482131254061 0.02101608187134503 0.038011695906432746
0 0.621984649122807 0.0813840155945419 0.010782163742690058 0.02599090318388564
0 0.6388888888888888 0.07829759584145549 0.028143274853801168 0.04905782975958414
0 0.7710160818713451 0.2707927225471085 0.014985380116959063 0.02631578947368421
0 0.7131761695906432 0.12589343729694608 0.01827485380116959 0.03346328784925276
0 0.6943530701754386 0.6710526315789473 0.02448830409356725 0.043209876543209874
0 0.5026498538011696 0.26364522417153996 0.01425438596491228 0.02664067576348278
0 0.21445540935672514 0.6824236517218973 0.01864035087719298 0.03183885640025991
0 0.31186038011695905 0.20549057829759584 0.012792397660818713 0.02664067576348278
0 0.5749269005847953 0.38417803768680964 0.011695906432748537 0.02014294996751137
0 0.6758040935672515 0.4668615984405458 0.013706140350877192 0.023391812865497075
0 0.966374269005848 0.010071474983755685 0.0268640350877193 0.02014294996751137
0 0.7564875730994152 0.4104938271604938 0.01663011695906433 0.03183885640025991
0 0.8572733918128655 0.0341130604288499 0.014619883040935672 0.025666016894087068
0 0.36239035087719296 0.5138076673164392 0.012792397660818713 0.02631578947368421
0 0.8187134502923976 0.12735542560103963 0.015716374269005847 0.028265107212475632
0 0.9823647660818714 0.6609811565951916 0.03435672514619883 0.056855100714749834
0 0.10151681286549707 0.3648473034437947 0.01864035087719298 0.03443794671864847
0 0.8542580409356725 0.26120857699805067 0.01918859649122807 0.042884990253411304
0 0.2789656432748538 0.12459389213775178 0.017909356725146198 0.030214424951267055
0 0.2501827485380117 0.5976283300844705 0.022478070175438597 0.0396361273554256
0 0.8194444444444444 0.05799220272904483 0.01644736842105263 0.02729044834307992
0 0.6260964912280702 0.35964912280701755 0.029239766081871343 0.050682261208576995
0 0.5466008771929824 0.20597790773229369 0.013157894736842105 0.023391812865497075
0 0.18128654970760233 0.9896036387264457 0.021198830409356724 0.02079272254710851
0 0.5684393274853801 0.355912930474334 0.01425438596491228 0.024691358024691357
0 0.8090277777777778 0.49853801169590645 0.02101608187134503 0.03346328784925276
0 0.7251461988304093 0.28931124106562706 0.022112573099415205 0.043534762833008445
0 0.1284722222222222 0.892949967511371 0.03070175438596491 0.05230669265756985
0 0.6870431286549707 0.040448343079922025 0.01918859649122807 0.03866146848602989
0 0.8849597953216374 0.9359974009096816 0.034173976608187134 0.057829759584145546
0 0.05665204678362573 0.06432748538011696 0.02284356725146199 0.05230669265756985
0 0.8377192982456141 0.2655945419103314 0.022478070175438597 0.04743339831059129
0 0.8342470760233918 0.6872969460688759 0.024305555555555556 0.03573749187784275
0 0.7070540935672515 0.4956140350877193 0.01516812865497076 0.030539311241065625
0 0.3057383040935672 0.10055230669265756 0.012975146198830409 0.028265107212475632
0 0.537828947368421 0.09584145549057829 0.023757309941520467 0.04548408057179987
0 0.7691885964912281 0.3565627030539311 0.012975146198830409 0.021442495126705652
0 0.10115131578947369 0.554093567251462 0.01663011695906433 0.029564652371669914
0 0.7014802631578947 0.6393762183235867 0.02850877192982456 0.05263157894736842
0 0.6089181286549707 0.6065627030539311 0.023757309941520467 0.04580896686159844
0 0.8581871345029239 0.535899935022742 0.019736842105263157 0.0396361273554256
0 0.3172514619883041 0.5875568551007148 0.019554093567251463 0.03541260558804418
0 0.34457236842105265 0.26851851851851855 0.023026315789473683 0.04028589993502274
0 0.26151315789473684 0.6908706952566601 0.022478070175438597 0.042884990253411304
0 0.2623355263157895 0.18648473034437946 0.01608187134502924 0.031189083820662766
0 0.3776498538011696 0.3424301494476933 0.012609649122807017 0.028265107212475632
0 0.5826023391812866 0.015107212475633527 0.015350877192982455 0.029889538661468484
0 0.9494700292397661 0.6817738791423001 0.041301169590643276 0.06855100714749837
0 0.4697551169590643 0.5116959064327485 0.014071637426900584 0.02631578947368421
0 0.1859466374269006 0.8135152696556205 0.022478070175438597 0.04126055880441845
0 0.6620979532163743 0.02664067576348278 0.030519005847953216 0.05328135152696556
0 0.22898391812865498 0.31351526965562054 0.01608187134502924 0.03508771929824561
0 0.9780701754385965 0.12361923326835607 0.030884502923976608 0.050682261208576995
0 0.48026315789473684 0.5441845354126056 0.014071637426900584 0.029889538661468484
0 0.4088998538011696 0.021280051981806367 0.029239766081871343 0.04256010396361273
0 0.012883771929824562 0.4857050032488629 0.024305555555555556 0.04678362573099415
0 0.7393092105263158 0.896361273554256 0.017543859649122806 0.030864197530864196
0 0.3562682748538012 0.1388888888888889 0.020833333333333332 0.037686809616634176
0 0.5702668128654971 0.27469135802469136 0.013888888888888888 0.02599090318388564
0 0.9812682748538012 0.5037361923326835 0.02010233918128655 0.037037037037037035
0 0.7571271929824561 0.6310916179337231 0.03654970760233918 0.06725146198830409
0 0.622624269005848 0.5436972059779077 0.012426900584795321 0.021767381416504222
0 0.8993969298245614 0.45191682910981157 0.017543859649122806 0.031189083820662766
0 0.9311951754385965 0.9904158544509422 0.027046783625730993 0.01916829109811566
0 0.31396198830409355 0.4204028589993502 0.017726608187134504 0.03541260558804418
0 0.7617872807017544 0.14701104613385316 0.02631578947368421 0.04905782975958414
0 0.6736111111111112 0.18193632228719947 0.014619883040935672 0.02599090318388564
0 0.5 0.2553606237816764 0.01827485380116959 0.03996101364522417
0 0.6248172514619883 0.6726770630279402 0.021198830409356724 0.036062378167641324
0 0.7621527777777778 0.8609486679662118 0.017178362573099414 0.028914879792072773
0 0.9292763157894737 0.24870045484080572 0.031067251461988302 0.057504873294346975
0 0.5070358187134503 0.7774528914879792 0.013523391812865496 0.025341130604288498
0 0.8925438596491229 0.7337556855100714 0.023757309941520467 0.036712150747238464
0 0.36915204678362573 0.06189083820662768 0.017726608187134504 0.03183885640025991
0 0.8902595029239766 0.9520792722547109 0.021564327485380116 0.02794022092267706
0 0.49433479532163743 0.3107537361923327 0.03125 0.057179987004548405
0 0.02549342105263158 0.3810916179337232 0.02540204678362573 0.04126055880441845
0 0.7946820175438597 0.5526315789473685 0.019736842105263157 0.036062378167641324
0 0.1915204678362573 0.27485380116959063 0.017543859649122806 0.030864197530864196
0 0.9715826023391813 0.07537361923326835 0.025219298245614034 0.042884990253411304
0 0.7784173976608187 0.5545808966861598 0.015533625730994151 0.029239766081871343
0 0.5088633040935673 0.7608836907082521 0.017909356725146198 0.02794022092267706
0 0.006396198830409356 0.012183235867446393 0.012792397660818713 0.024366471734892786
0 0.49661915204678364 0.32342430149447693 0.015899122807017545 0.028265107212475632
0 0.14281798245614036 0.13206627680311891 0.013157894736842105 0.023066926575698504
0 0.009137426900584795 0.6872969460688759 0.01827485380116959 0.0396361273554256
0 0.7089729532163743 0.352501624431449 0.014619883040935672 0.029889538661468484
0 0.4959795321637427 0.22092267706302793 0.01206140350877193 0.022092267706302793
0 0.07273391812865497 0.06757634827810266 0.02266081871345029 0.037037037037037035
0 0.3848684210526316 0.7110136452241715 0.01608187134502924 0.029564652371669914
0 0.8082054093567251 0.16487979207277453 0.023757309941520467 0.044184535412605586
0 0.13733552631578946 0.05230669265756985 0.01644736842105263 0.037361923326835605
0 0.9410635964912281 0.3708576998050682 0.03709795321637427 0.058154645873944116
0 0.3315972222222222 0.5477582846003899 0.01918859649122807 0.03508771929824561
0 0.5421235380116959 0.248862897985705 0.014619883040935672 0.028914879792072773
0 0.8348866959064327 0.27355425601039635 0.016812865497076022 0.030539311241065625
0 0.08543494152046784 0.032975958414554904 0.023026315789473683 0.04158544509421702
0 0.3609283625730994 0.021929824561403508 0.023940058479532164 0.043859649122807015
0 0.36933479532163743 0.26851851851851855 0.013706140350877192 0.03183885640025991
0 0.7135416666666666 0.15269655620532813 0.02540204678362573 0.04256010396361273
0 0.20559210526315788 0.025016244314489927 0.014619883040935672 0.030864197530864196
0 0.5481542397660819 0.07781026640675763 0.014619883040935672 0.029564652371669914
0 0.10736476608187134 0.9835932423651722 0.03490497076023392 0.03281351526965562
0 0.18247441520467836 0.3148148148148148 0.02448830409356725 0.043534762833008445
0 0.7277046783625731 0.3247238466536712 0.021564327485380116 0.042884990253411304
0 0.13797514619883042 0.9834307992202729 0.019371345029239765 0.03151397011046134
0 0.83890716374269 0.03573749187784275 0.013157894736842105 0.023391812865497075
0 0.8066520467836257 0.3864522417153996 0.019554093567251463 0.031189083820662766
0 0.615953947368421 0.11062378167641325 0.014985380116959063 0.028914879792072773
0 0.04842836257309942 0.6208576998050682 0.03271198830409357 0.05165692007797271
0 0.6800073099415205 0.07716049382716049 0.02503654970760234 0.037361923326835605
0 0.7888340643274854 0.42901234567901236 0.021198830409356724 0.03541260558804418
0 0.48145102339181284 0.2839506172839506 0.014071637426900584 0.02696556205328135
0 0.9354897660818714 0.028589993502274202 0.018092105263157895 0.03508771929824561
0 0.005573830409356725 0.10510071474983755 0.01114766081871345 0.03866146848602989
0 0.31030701754385964 0.014944769330734242 0.0222953216374269 0.029564652371669914
0 0.5526315789473685 0.39116309291747886 0.01663011695906433 0.030864197530864196
0 0.3860562865497076 0.2093892137751787 0.013706140350877192 0.025341130604288498
0 0.6720577485380117 0.12166991552956465 0.015899122807017545 0.03281351526965562
0 0.43722587719298245 0.2149122807017544 0.01425438596491228 0.030864197530864196
0 0.6180555555555556 0.04873294346978557 0.029970760233918127 0.056855100714749834
0 0.7084247076023392 0.20662768031189083 0.0268640350877193 0.048408057179987
0 0.9099963450292398 0.7069525666016894 0.01864035087719298 0.029239766081871343
0 0.12289839181286549 0.8996101364522417 0.024305555555555556 0.037037037037037035
0 0.029513888888888888 0.35769980506822613 0.02266081871345029 0.03866146848602989
0 0.8960160818713451 0.7576348278102664 0.029970760233918127 0.04580896686159844
0 0.6285635964912281 0.573424301494477 0.02942251461988304 0.05458089668615984
0 0.40807748538011696 0.010396361273554255 0.01663011695906433 0.02046783625730994
0 0.3715277777777778 0.22807017543859648 0.014802631578947368 0.025666016894087068
0 0.29833698830409355 0.4587394411955815 0.01864035087719298 0.031189083820662766
0 0.5932017543859649 0.3937621832358674 0.00932017543859649 0.016894087069525665
0 0.4618055555555556 0.32407407407407407 0.011695906432748537 0.023066926575698504
0 0.355171783625731 0.23196881091617932 0.01663011695906433 0.030214424951267055
0 0.3451206140350877 0.09226770630279402 0.013706140350877192 0.025341130604288498
0 0.5212902046783626 0.3476283300844704 0.015350877192982455 0.02794022092267706
0 0.7260599415204678 0.04126055880441845 0.027046783625730993 0.050032488628979854
0 0.3028143274853801 0.4420077972709552 0.01516812865497076 0.02664067576348278
0 0.21920687134502925 0.7439896036387265 0.016264619883040937 0.02631578947368421
0 0.007492690058479532 0.1838856400259909 0.014985380116959063 0.04613385315139701
0 0.7544773391812866 0.8133528265107213 0.017543859649122806 0.02599090318388564
0 0.5542763157894737 0.6666666666666666 0.010051169590643274 0.024041585445094216
0 0.5553728070175439 0.3937621832358674 0.0266812865497076 0.04613385315139701
0 0.6969115497076024 0.05929174788823911 0.016812865497076022 0.03346328784925276
0 0.5868055555555556 0.11241065627030539 0.01206140350877193 0.028589993502274202
0 0.3982090643274854 0.21280051981806367 0.0133406432748538 0.024691358024691357
0 0.3555372807017544 0.2564977257959714 0.021929824561403508 0.0396361273554256
0 0.6771747076023392 0.2191358024691358 0.014985380116959063 0.03151397011046134
0 0.3740862573099415 0.5069850552306693 0.012792397660818713 0.024366471734892786
0 0.3694261695906433 0.3689083820662768 0.027777777777777776 0.05295646523716699
0 0.7515533625730995 0.3711825860948668 0.014985380116959063 0.02696556205328135
0 0.05062134502923977 0.8261858349577648 0.02010233918128655 0.03346328784925276
0 0.24424342105263158 0.5576673164392463 0.02010233918128655 0.03833658219623132
0 0.8737207602339181 0.2789148797920728 0.0133406432748538 0.022742040285899934
0 0.03042763157894737 0.08235867446393762 0.014437134502923976 0.029239766081871343
0 0.6796418128654971 0.13190383365821962 0.015533625730994151 0.028914879792072773
0 0.3628472222222222 0.0781351526965562 0.015350877192982455 0.025341130604288498
0 0.41703216374269003 0.30133203378817414 0.011878654970760233 0.022092267706302793
0 0.34036915204678364 0.14230019493177387 0.017909356725146198 0.036062378167641324
0 0.4952485380116959 0.0693632228719948 0.013888888888888888 0.028914879792072773
0 0.25201023391812866 0.26689408706952567 0.016812865497076022 0.03183885640025991
0 0.6132127192982456 0.09324236517218973 0.01608187134502924 0.037361923326835605
0 0.5232090643274854 0.07066276803118908 0.015716374269005847 0.030864197530864196
0 0.2947733918128655 0.6423001949317739 0.025219298245614034 0.043209876543209874
0 0.8816703216374269 0.3700454840805718 0.018092105263157895 0.028265107212475632
0 0.03993055555555555 0.15756985055230668 0.02138157894736842 0.04613385315139701
0 0.07922149122807018 0.26721897335932426 0.01864035087719298 0.03378817413905133
0 0.625639619883041 0.3546133853151397 0.01827485380116959 0.037361923326835605
0 0.6312134502923976 0.13466536712150748 0.023757309941520467 0.04223521767381416
0 0.9016812865497076 0.24252761533463288 0.025767543859649123 0.04645873944119558
0 0.6812865497076024 0.6626055880441846 0.019554093567251463 0.03476283300844704
0 0.3734466374269006 0.24805068226120858 0.019736842105263157 0.029564652371669914
0 0.5028326023391813 0.16780376868096167 0.015350877192982455 0.028914879792072773
0 0.5458698830409356 0.4337231968810916 0.013706140350877192 0.028265107212475632
0 0.4727704678362573 0.34048083170890187 0.012609649122807017 0.022092267706302793
0 0.8058296783625731 0.11371020142949967 0.0266812865497076 0.048408057179987
0 0.3873355263157895 0.21068875893437297 0.021564327485380116 0.037361923326835605
0 0.8113121345029239 0.16877842755035738 0.013523391812865496 0.024691358024691357
0 0.8760964912280702 0.33771929824561403 0.013706140350877192 0.028589993502274202
0 0.9119152046783626 0.458414554905783 0.020650584795321638 0.03541260558804418
0 0.2883771929824561 0.28931124106562706 0.028326023391812866 0.048408057179987
0 0.8410087719298246 0.7642949967511371 0.03326023391812866 0.05847953216374269
0 0.3135051169590643 0.07537361923326835 0.01608187134502924 0.02729044834307992
0 0.13477704678362573 0.4636127355425601 0.016264619883040937 0.028914879792072773
0 0.12929459064327486 0.35071474983755685 0.02266081871345029 0.043859649122807015
0 0.07593201754385964 0.871832358674464 0.01699561403508772 0.024691358024691357
0 0.9396016081871345 0.6816114359974009 0.023940058479532164 0.04158544509421702
0 0.7669956140350878 0.08820662768031189 0.029239766081871343 0.050682261208576995
0 0.060032894736842105 0.23927875243664717 0.014071637426900584 0.025016244314489927
0 0.478983918128655 0.5120207927225471 0.0133406432748538 0.02664067576348278
0 0.03883406432748538 0.0099090318388564 0.025767543859649123 0.0198180636777128
0 0.9695723684210527 0.29223521767381416 0.04349415204678363 0.05847953216374269
0 0.0360014619883041 0.4166666666666667 0.03490497076023392 0.05360623781676413
0 0.8049159356725146 0.13791423001949318 0.01425438596491228 0.025666016894087068
0 0.76078216374269 0.19574398960363873 0.0266812865497076 0.050032488628979854
0 0.7852704678362573 0.3853151397011046 0.012426900584795321 0.029239766081871343
0 0.4926900584795322 0.1640675763482781 0.013523391812865496 0.029239766081871343
0 0.9454495614035088 0.7097141000649773 0.024671052631578948 0.03573749187784275
0 0.17132675438596492 0.3170890188434048 0.014071637426900584 0.02761533463287849
0 0.8147843567251462 0.3360948667966212 0.019371345029239765 0.0341130604288499
0 0.5996893274853801 0.23749187784275502 0.02046783625730994 0.04775828460038986
0 0.6861293859649122 0.014457439896036386 0.017726608187134504 0.028589993502274202
0 0.6928910818713451 0.022254710851202078 0.03179824561403509 0.044509421702404156
0 0.26918859649122806 0.15773229369720598 0.014071637426900584 0.02631578947368421
0 0.5403874269005848 0.5497076023391813 0.01114766081871345 0.0198180636777128
0 0.00758406432748538 0.8947368421052632 0.01516812865497076 0.0341130604288499
0 0.4762426900584795 0.3136777128005198 0.014071637426900584 0.029239766081871343
0 0.5148940058479532 0.28118908382066277 0.011513157894736841 0.021442495126705652
0 0.3969298245614035 0.06254061078622482 0.011330409356725146 0.02631578947368421
0 0.2935855263157895 0.15497076023391812 0.023026315789473683 0.03378817413905133
0 0.5389254385964912 0.44590643274853803 0.011513157894736841 0.02729044834307992
0 0.9112755847953217 0.3447043534762833 0.014619883040935672 0.02631578947368421
0 0.983735380116959 0.050032488628979854 0.021929824561403508 0.04126055880441845
0 0.549890350877193 0.10883690708252111 0.014802631578947368 0.028914879792072773
0 0.2958698830409357 0.0661143599740091 0.014619883040935672 0.03183885640025991
0 0.21043494152046785 0.14571150097465888 0.021747076023391813 0.04093567251461988
0 0.5495248538011696 0.22335932423651722 0.01644736842105263 0.030539311241065625
0 0.35508040935672514 0.03898635477582846 0.0133406432748538 0.02729044834307992
0 0.060032894736842105 0.3508771929824561 0.016264619883040937 0.02761533463287849
0 0.260233918128655 0.9853801169590644 0.026133040935672515 0.029239766081871343
0 0.6347770467836257 0.9897660818713451 0.02010233918128655 0.02046783625730994
0 0.7144554093567251 0.5337881741390513 0.01608187134502924 0.02599090318388564
0 0.9480080409356725 0.7837881741390513 0.022478070175438597 0.04158544509421702
0 0.6432748538011696 0.013807667316439245 0.023757309941520467 0.02761533463287849
0 0.27055921052631576 0.1827485380116959 0.01663011695906433 0.03378817413905133
0 0.32300804093567254 0.07326185834957764 0.013706140350877192 0.029239766081871343
0 0.9591557017543859 0.20305393112410655 0.019919590643274854 0.0341130604288499
0 0.8156067251461988 0.2928849902534113 0.023940058479532164 0.05360623781676413
0 0.18265716374269006 0.3646848602988954 0.014437134502923976 0.02599090318388564
0 0.6251827485380117 0.2564977257959714 0.014071637426900584 0.02761533463287849
0 0.9597953216374269 0.28979857050032487 0.021747076023391813 0.03931124106562703
0 0.6952668128654971 0.09827810266406757 0.019736842105263157 0.03833658219623132
0 0.5733735380116959 0.3227745289148798 0.013523391812865496 0.02664067576348278
0 0.6962719298245614 0.6530214424951267 0.038559941520467836 0.07179987004548408
0 0.3740862573099415 0.4759584145549058 0.019005847953216373 0.037037037037037035
0 0.6188779239766082 0.7444769330734243 0.014619883040935672 0.02664067576348278
0 0.3723501461988304 0.74545159194282 0.017178362573099414 0.03866146848602989
0 0.6455592105263158 0.1268680961663418 0.015899122807017545 0.02761533463287849
0 0.7320906432748538 0.27306692657569853 0.012792397660818713 0.023391812865497075
0 0.5146198830409356 0.11517218973359324 0.017178362573099414 0.030864197530864196
0 0.5699013157894737 0.09632878492527615 0.01699561403508772 0.03508771929824561
0 0.4706688596491228 0.5331384015594542 0.014437134502923976 0.028914879792072773
0 0.15926535087719298 0.253411306042885 0.01608187134502924 0.029889538661468484
0 0.1546966374269006 0.9246263807667316 0.02722953216374269 0.038011695906432746
0 0.14638157894736842 0.24707602339181287 0.014985380116959063 0.029239766081871343
0 0.49972587719298245 0.5924301494476933 0.011878654970760233 0.029564652371669914
0 0.6015168128654971 0.10753736192332683 0.015350877192982455 0.02794022092267706
0 0.4926900584795322 0.5134827810266407 0.028691520467836257 0.05263157894736842
0 0.17351973684210525 0.8157894736842105 0.01425438596491228 0.028914879792072773
0 0.6650219298245614 0.34421702404158544 0.019919590643274854 0.03346328784925276
0 0.6463815789473685 0.7441520467836257 0.02101608187134503 0.03898635477582846
0 0.8469480994152047 0.05246913580246913 0.02010233918128655 0.03443794671864847
0 0.3658625730994152 0.028102664067576347 0.0133406432748538 0.029889538661468484
0 0.6110197368421053 0.31465237166991555 0.012244152046783625 0.02111760883690708
0 0.941703216374269 0.2332683560753736 0.019919590643274854 0.036712150747238464
0 0.9175804093567251 0.03167641325536062 0.02942251461988304 0.05458089668615984
0 0.5884502923976608 0.2433398310591293 0.019919590643274854 0.03281351526965562
0 0.011787280701754386 0.5323261858349577 0.023574561403508772 0.04678362573099415
0 0.6248172514619883 0.2821637426900585 0.01206140350877193 0.024366471734892786
0 0.8399122807017544 0.37280701754385964 0.02138157894736842 0.04093567251461988
0 0.007035818713450292 0.6133853151397011 0.014071637426900584 0.04645873944119558
0 0.9546783625730995 0.7644574398960364 0.0266812865497076 0.03898635477582846
0 0.82328216374269 0.13531513970110462 0.012609649122807017 0.025016244314489927
0 0.39172149122807015 0.25714749837556855 0.01114766081871345 0.02631578947368421
0 0.41036184210526316 0.4405458089668616 0.015533625730994151 0.028589993502274202
0 0.4894005847953216 0.2711176088369071 0.009868421052631578 0.016569200779727095
0 0.75 0.34779077322936974 0.015899122807017545 0.030539311241065625
0 0.9177631578947368 0.4304743339831059 0.017909356725146198 0.0341130604288499
0 0.8810307017543859 0.31026640675763484 0.021564327485380116 0.04158544509421702
0 0.1855811403508772 0.1572449642625081 0.02284356725146199 0.04158544509421702
0 0.5894554093567251 0.464100064977258 0.01206140350877193 0.024041585445094216
0 0.09923245614035088 0.22985705003248863 0.01864035087719298 0.03443794671864847
0 0.2864583333333333 0.694769330734243 0.019371345029239765 0.03833658219623132
0 0.6324926900584795 0.36614684860298896 0.018457602339181287 0.030864197530864196
0 0.9596125730994152 0.5885315139701105 0.0489766081871345 0.06985055230669265
0 0.35425804093567254 0.06010396361273554 0.01608187134502924 0.03378817413905133
0 0.6526864035087719 0.9910656270305394 0.01882309941520468 0.017868745938921377
0 0.3081140350877193 0.25064977257959714 0.02046783625730994 0.04905782975958414
0 0.9720394736842105 0.5732618583495777 0.03216374269005848 0.05328135152696556
0 0.9169407894736842 0.9587394411955815 0.02540204678362573 0.036062378167641324
0 0.13596491228070176 0.4754710851202079 0.013523391812865496 0.023066926575698504
0 0.5321637426900585 0.6643924626380767 0.014802631578947368 0.02664067576348278
0 0.5058479532163743 0.37037037037037035 0.01608187134502924 0.029889538661468484
0 0.6597222222222222 0.5300519818063678 0.017543859649122806 0.03281351526965562
0 0.5987755847953217 0.20825211176088368 0.012792397660818713 0.023391812865497075
0 0.12171052631578948 0.017868745938921377 0.018092105263157895 0.03573749187784275
0 0.570906432748538 0.6658544509421702 0.016812865497076022 0.02729044834307992
0 0.763797514619883 0.05734243014944769 0.023026315789473683 0.04223521767381416
0 0.6012426900584795 0.22628330084470435 0.018092105263157895 0.028589993502274202
0 0.986202485380117 0.09584145549057829 0.021929824561403508 0.04028589993502274
0 0.17690058479532164 0.17430149447693308 0.01882309941520468 0.03378817413905133
0 0.7308114035087719 0.013157894736842105 0.02101608187134503 0.02631578947368421
0 0.0763888888888889 0.2894736842105263 0.017909356725146198 0.028589993502274202
0 0.5752923976608187 0.0792722547108512 0.01644736842105263 0.02729044834307992
0 0.634046052631579 0.17202729044834308 0.03508771929824561 0.056530214424951264
0 0.5995979532163743 0.8697205977907733 0.014437134502923976 0.022742040285899934
0 0.6598135964912281 0.43486029889538663 0.01608187134502924 0.029889538661468484
0 0.7528326023391813 0.52046783625731 0.019736842105263157 0.03378817413905133
0 0.39400584795321636 0.11046133853151396 0.012609649122807017 0.037361923326835605
0 0.6743421052631579 0.345679012345679 0.01827485380116959 0.04191033138401559
0 0.6976425438596491 0.15886939571150097 0.018092105263157895 0.03248862897985705
0 0.8849597953216374 0.47449642625081223 0.01608187134502924 0.02794022092267706
0 0.6005116959064327 0.24691358024691357 0.01644736842105263 0.03216374269005848
0 0.25566520467836257 0.0903183885640026 0.022112573099415205 0.04061078622482131
0 0.9777046783625731 0.2998700454840806 0.02905701754385965 0.04905782975958414
0 0.6020650584795322 0.4423326835607537 0.011695906432748537 0.022092267706302793
0 0.559484649122807 0.17771280051981805 0.013706140350877192 0.03183885640025991
0 0.7522843567251462 0.8843404808317089 0.015716374269005847 0.028589993502274202
0 0.7426900584795322 0.99090318388564 0.02138157894736842 0.018193632228719947
0 0.03929093567251462 0.11029889538661468 0.018092105263157895 0.029564652371669914
0 0.6441885964912281 0.19330734243014944 0.01827485380116959 0.03248862897985705
0 0.10425804093567251 0.15805717998700455 0.019736842105263157 0.03378817413905133
0 0.754203216374269 0.9938271604938271 0.01864035087719298 0.012345679012345678
0 0.39382309941520466 0.08170890188434048 0.010416666666666666 0.022092267706302793
0 0.4753289473684211 0.4437946718648473 0.012975146198830409 0.028914879792072773
0 0.5769371345029239 0.2508122157244964 0.017726608187134504 0.030864197530864196
0 0.017361111111111112 0.008122157244964262 0.017361111111111112 0.016244314489928524
0 0.453125 0.5115334632878492 0.020833333333333332 0.03508771929824561
0 0.9147478070175439 0.07975958414554905 0.019554093567251463 0.037037037037037035
0 0.46710526315789475 0.838856400259909 0.024305555555555556 0.04126055880441845
0 0.37838084795321636 0.11533463287849252 0.012609649122807017 0.030214424951267055
0 0.8260233918128655 0.03216374269005848 0.014802631578947368 0.02729044834307992
0 0.35946637426900585 0.5955165692007798 0.016812865497076022 0.028265107212475632
0 0.6337719298245614 0.08073424301494476 0.01699561403508772 0.031189083820662766
0 0.8952850877192983 0.07959714100064977 0.014985380116959063 0.025666016894087068
0 0.7207602339181286 0.0924301494476933 0.018457602339181287 0.03313840155945419
0 0.45531798245614036 0.09064327485380116 0.010782163742690058 0.02729044834307992
0 0.33241959064327486 0.12166991552956465 0.011330409356725146 0.021442495126705652
0 0.3355263157894737 0.699317738791423 0.017726608187134504 0.036062378167641324
0 0.6462902046783626 0.14376218323586745 0.01516812865497076 0.025666016894087068
0 0.6055372807017544 0.0869070825211176 0.011878654970760233 0.025016244314489927
0 0.8765533625730995 0.03898635477582846 0.01882309941520468 0.030214424951267055
0 0.8142361111111112 0.8464912280701754 0.020833333333333332 0.036387264457439894
0 0.7661732456140351 0.5562053281351527 0.014802631578947368 0.029564652371669914
0 0.825109649122807 0.3273229369720598 0.00932017543859649 0.0198180636777128
0 0.7749451754385965 0.25925925925925924 0.01882309941520468 0.036062378167641324
0 0.25995979532163743 0.3991228070175439 0.017726608187134504 0.029239766081871343
0 0.6900584795321637 0.3934372969460689 0.012609649122807017 0.022092267706302793
0 0.34192251461988304 0.5188434048083171 0.019736842105263157 0.04093567251461988
0 0.3510599415204678 0.35607537361923325 0.014071637426900584 0.02664067576348278
0 0.33735380116959063 0.09567901234567901 0.014985380116959063 0.030864197530864196
0 0.5948464912280702 0.32667316439246263 0.010599415204678362 0.017868745938921377
0 0.9470942982456141 0.25503573749187786 0.019554093567251463 0.03346328784925276
0 0.7084247076023392 0.21393762183235868 0.01882309941520468 0.03248862897985705
0 0.8772843567251462 0.21848602988953866 0.0222953216374269 0.03996101364522417
0 0.629203216374269 0.7912605588044185 0.017361111111111112 0.03313840155945419
0 0.8120431286549707 0.0297270955165692 0.015899122807017545 0.029239766081871343
0 0.5290570175438597 0.3447043534762833 0.029970760233918127 0.04938271604938271
0 0.25219298245614036 0.23278102664067576 0.02284356725146199 0.048408057179987
0 0.120796783625731 0.033950617283950615 0.029788011695906433 0.06725146198830409
0 0.6065423976608187 0.4098440545808967 0.012609649122807017 0.021442495126705652
0 0.27010233918128657 0.9905782975958415 0.024853801169590642 0.018843404808317088
0 0.5721856725146199 0.08528265107212475 0.024305555555555556 0.04938271604938271
0 0.4292763157894737 0.3047433398310591 0.0222953216374269 0.04645873944119558
0 0.7670869883040936 0.08771929824561403 0.01663011695906433 0.030539311241065625
0 0.8400950292397661 0.1562703053931124 0.025584795321637425 0.050357374918778425
0 0.7231359649122807 0.10380116959064327 0.023940058479532164 0.050032488628979854
0 0.5688048245614035 0.7399285250162443 0.01425438596491228 0.02664067576348278
0 0.3250182748538012 0.580896686159844 0.01644736842105263 0.025016244314489927
0 0.58890716374269 0.15838206627680312 0.013523391812865496 0.022742040285899934
0 0.3033625730994152 0.05230669265756985 0.017543859649122806 0.0396361273554256
0 0.5106907894736842 0.2524366471734893 0.014071637426900584 0.029889538661468484
0 0.6657529239766082 0.19005847953216373 0.013157894736842105 0.022417153996101363
0 0.22039473684210525 0.7548732943469786 0.025219298245614034 0.050682261208576995
0 0.9659173976608187 0.032651072124756333 0.015716374269005847 0.029564652371669914
0 0.1596308479532164 0.36907082521117607 0.01827485380116959 0.03443794671864847
0 0.816703216374269 0.29580896686159847 0.016264619883040937 0.023066926575698504
0 0.6064510233918129 0.42917478882391163 0.00932017543859649 0.015919428200129954
0 0.055738304093567254 0.09811565951916829 0.014619883040935672 0.025666016894087068
0 0.5046600877192983 0.3702079272254711 0.02320906432748538 0.04256010396361273
0 0.787828947368421 0.07293697205977907 0.010416666666666666 0.021767381416504222
0 0.7459795321637427 0.061565951916829106 0.01882309941520468 0.04613385315139701
0 0.8126827485380117 0.28281351526965565 0.014619883040935672 0.025341130604288498
0 0.30783991228070173 0.09714100064977257 0.02138157894736842 0.03866146848602989
0 0.9397843567251462 0.23700454840805718 0.02942251461988304 0.051007147498375566
0 0.8123172514619883 0.02257959714100065 0.021198830409356724 0.044184535412605586
0 0.22825292397660818 0.020955165692007796 0.01516812865497076 0.03346328784925276
0 0.5392909356725146 0.6562703053931124 0.012792397660818713 0.023066926575698504
0 0.9347587719298246 0.5014619883040936 0.017361111111111112 0.030864197530864196
0 0.8488669590643275 0.5784600389863548 0.01699561403508772 0.028589993502274202
0 0.14912280701754385 0.23261858349577647 0.01864035087719298 0.030214424951267055
0 0.29084429824561403 0.30360623781676416 0.013157894736842105 0.024691358024691357
0 0.05482456140350877 0.3913255360623782 0.02631578947368421 0.043209876543209874
0 0.938139619883041 0.4355100714749838 0.019005847953216373 0.03346328784925276
0 0.8606542397660819 0.9884665367121508 0.023940058479532164 0.022742040285899934
0 0.2050438596491228 0.9061078622482132 0.01864035087719298 0.028265107212475632
0 0.5652412280701754 0.38092917478882393 0.013706140350877192 0.028589993502274202
0 0.08835891812865497 0.9083820662768031 0.01425438596491228 0.025016244314489927
0 0.7404057017543859 0.05328135152696556 0.012792397660818713 0.024691358024691357
0 0.524671052631579 0.3058804418453541 0.011513157894736841 0.024041585445094216
0 0.24579678362573099 0.1254061078622482 0.013157894736842105 0.02599090318388564
0 0.3595577485380117 0.20321637426900585 0.013888888888888888 0.037686809616634176
0 0.9343932748538012 0.6171215074723847 0.02010233918128655 0.0341130604288499
0 0.7690058479532164 0.3996101364522417 0.012244152046783625 0.0198180636777128
0 0.8391812865497076 0.2564977257959714 0.016264619883040937 0.025666016894087068
0 0.5729166666666666 0.39701104613385313 0.010051169590643274 0.02046783625730994
0 0.7739400584795322 0.025666016894087068 0.01516812865497076 0.030214424951267055
0 0.892452485380117 0.4678362573099415 0.01608187134502924 0.028589993502274202
0 0.6114766081871345 0.04272254710851202 0.018092105263157895 0.04256010396361273
0 0.31332236842105265 0.10103963612735542 0.012609649122807017 0.02631578947368421
0 0.9543128654970761 0.36176088369070825 0.01882309941520468 0.03216374269005848
0 0.6811038011695907 0.32456140350877194 0.012975146198830409 0.024366471734892786
0 0.4338450292397661 0.9348602988953866 0.01644736842105263 0.030214424951267055
0 0.8596491228070176 0.24025341130604289 0.0133406432748538 0.023391812865497075
0 0.9000365497076024 0.09827810266406757 0.014802631578947368 0.030214424951267055
0 0.9887609649122807 0.9273879142300195 0.022478070175438597 0.05165692007797271
0 0.8888888888888888 0.24853801169590642 0.015350877192982455 0.030864197530864196
0 0.5712719298245614 0.019330734243014944 0.019371345029239765 0.037361923326835605
0 0.7206688596491229 0.05051981806367771 0.010599415204678362 0.021767381416504222
0 0.3125 0.2912605588044185 0.013157894736842105 0.02729044834307992
0 0.9569627192982456 0.19850552306692656 0.028691520467836257 0.05165692007797271
0 0.10910087719298246 0.10428849902534112 0.022112573099415205 0.03541260558804418
0 0.15478801169590642 0.2665692007797271 0.01663011695906433 0.030539311241065625
0 0.8175255847953217 0.04191033138401559 0.014985380116959063 0.02729044834307992
0 0.5625 0.01949317738791423 0.012426900584795321 0.02729044834307992
0 0.07291666666666667 0.3112410656270305 0.015716374269005847 0.02761533463287849
0 0.7478983918128655 0.8487654320987654 0.01608187134502924 0.024041585445094216
0 0.37527412280701755 0.36825860948667966 0.015716374269005847 0.03216374269005848
0 0.012792397660818713 0.1299545159194282 0.021564327485380116 0.03346328784925276
0 0.6952668128654971 0.30653021442495126 0.013157894736842105 0.02696556205328135
0 0.8249269005847953 0.4623131903833658 0.01644736842105263 0.02599090318388564
0 0.7002923976608187 0.009746588693957114 0.016264619883040937 0.01949317738791423
0 0.04623538011695907 0.4041585445094217 0.017543859649122806 0.031189083820662766
0 0.8354349415204678 0.13482781026640675 0.01206140350877193 0.02014294996751137
0 0.0893640350877193 0.6387264457439896 0.015716374269005847 0.028589993502274202
0 0.9401498538011696 0.7103638726445743 0.015899122807017545 0.029239766081871343
0 0.39336622807017546 0.18973359324236516 0.01699561403508772 0.029239766081871343
0 0.7554824561403509 0.18583495776478232 0.013706140350877192 0.028265107212475632
0 0.28828581871345027 0.725471085120208 0.014071637426900584 0.025666016894087068
0 0.5826023391812866 0.05165692007797271 0.019736842105263157 0.04028589993502274
0 0.45796783625730997 0.34649122807017546 0.017361111111111112 0.030539311241065625
0 0.8764619883040936 0.1309291747888239 0.01864035087719298 0.03248862897985705
0 0.28307748538011696 0.31562703053931124 0.014619883040935672 0.02729044834307992
0 0.9401498538011696 0.4083820662768031 0.020833333333333332 0.03216374269005848
0 0.71875 0.507959714100065 0.02010233918128655 0.036712150747238464
0 0.689327485380117 0.3788174139051332 0.011513157894736841 0.021442495126705652
0 0.3807565789473684 0.8000324886289799 0.01864035087719298 0.043534762833008445
0 0.2635233918128655 0.4710851202079272 0.019005847953216373 0.03378817413905133
0 0.7306286549707602 0.039798570500324884 0.015533625730994151 0.02599090318388564
0 0.40369152046783624 0.4537037037037037 0.014071637426900584 0.025016244314489927
0 0.7330043859649122 0.3141650422352177 0.02887426900584795 0.05360623781676413
0 0.10654239766081872 0.2292072774528915 0.03527046783625731 0.06660168940870695
0 0.7233187134502924 0.11289798570500324 0.015533625730994151 0.02599090318388564
0 0.7571271929824561 0.20012995451591942 0.01516812865497076 0.028265107212475632
0 0.4324744152046784 0.29580896686159847 0.0133406432748538 0.029889538661468484
0 0.8171600877192983 0.36858349577647825 0.013888888888888888 0.02631578947368421
0 0.35809576023391815 0.2113385315139701 0.01114766081871345 0.02664067576348278
0 0.91109283625731 0.4294996751137102 0.030153508771929825 0.03996101364522417
0 0.36577119883040937 0.35753736192332686 0.017543859649122806 0.028589993502274202
0 0.25603070175438597 0.12361923326835607 0.014071637426900584 0.021767381416504222
0 0.9798976608187134 0.9821312540610786 0.0400219298245614 0.03573749187784275
0 0.7669956140350878 0.197043534762833 0.01425438596491228 0.03476283300844704
0 0.5527229532163743 0.46507472384665366 0.012975146198830409 0.029239766081871343
0 0.5105080409356725 0.31562703053931124 0.011330409356725146 0.02046783625730994
0 0.46875 0.32423651721897334 0.027777777777777776 0.05425601039636127
0 0.6366959064327485 0.5817089018843404 0.01608187134502924 0.030214424951267055
0 0.8992141812865497 0.8377192982456141 0.023026315789473683 0.03541260558804418
0 0.6492141812865497 0.10591293047433398 0.014071637426900584 0.030214424951267055
0 0.9027777777777778 0.2919103313840156 0.015899122807017545 0.03313840155945419
0 0.725328947368421 0.29710851202079275 0.014437134502923976 0.02794022092267706
0 0.031158625730994153 0.11874593892137751 0.01699561403508772 0.03216374269005848
0 0.9590643274853801 0.14262508122157244 0.02138157894736842 0.036387264457439894
0 0.39208698830409355 0.9256010396361274 0.02284356725146199 0.04645873944119558
0 0.7701023391812866 0.17348927875243664 0.0133406432748538 0.02696556205328135
0 0.9539473684210527 0.05669265756985055 0.02101608187134503 0.04775828460038986
0 0.5972222222222222 0.4525666016894087 0.012244152046783625 0.023716699155295645
0 0.26626461988304095 0.5274528914879792 0.020285087719298246 0.031189083820662766
0 0.7569444444444444 0.21410006497725795 0.01918859649122807 0.029564652371669914
0 0.08781067251461988 0.6000649772579597 0.01663011695906433 0.02696556205328135
0 0.2642543859649123 0.09291747888239116 0.012244152046783625 0.0198180636777128
0 0.4618055555555556 0.5667641325536062 0.011695906432748537 0.025666016894087068
0 0.31542397660818716 0.27794022092267706 0.012426900584795321 0.01916829109811566
0 0.3291301169590643 0.7080896686159844 0.018092105263157895 0.03248862897985705
0 0.8718019005847953 0.02599090318388564 0.01516812865497076 0.02599090318388564
0 0.5956688596491229 0.16601689408706952 0.03179824561403509 0.05425601039636127
0 0.7585891812865497 0.0891812865497076 0.012792397660818713 0.02631578947368421
0 0.9427997076023392 0.33105912930474335 0.014985380116959063 0.02631578947368421
0 0.8541666666666666 0.0748862897985705 0.020285087719298246 0.036387264457439894
0 0.34886695906432746 0.4801819363222872 0.019736842105263157 0.03508771929824561
0 0.9788925438596491 0.6507472384665367 0.024853801169590642 0.03573749187784275
0 0.41072733918128657 0.9537037037037037 0.021747076023391813 0.04028589993502274
0 0.8444809941520468 0.76819363222872 0.02320906432748538 0.04061078622482131
0 0.26973684210526316 0.25016244314489927 0.011878654970760233 0.0198180636777128
0 0.8068347953216374 0.1562703053931124 0.014802631578947368 0.028589993502274202
0 0.271016081871345 0.2111760883690708 0.017726608187134504 0.029239766081871343
0 0.8567251461988304 0.03232618583495776 0.020285087719298246 0.037361923326835605
0 0.3043676900584795 0.22839506172839505 0.023757309941520467 0.043534762833008445
0 0.9148391812865497 0.5901559454191033 0.02412280701754386 0.036712150747238464
0 0.6536001461988304 0.1499350227420403 0.012244152046783625 0.022092267706302793
0 0.4168494152046784 0.02290448343079922 0.01663011695906433 0.030214424951267055
0 0.3730811403508772 0.0043859649122807015 0.021564327485380116 0.008771929824561403
0 0.08095760233918128 0.37735542560103963 0.0133406432748538 0.022417153996101363
0 0.5286001461988304 0.3182261208576998 0.010051169590643274 0.01916829109811566
0 0.8771016081871345 0.5534437946718649 0.023391812865497075 0.044184535412605586
0 0.33963815789473684 0.27144249512670565 0.013706140350877192 0.028589993502274202
0 0.5625 0.10071474983755685 0.011878654970760233 0.025341130604288498
0 0.3387244152046784 0.07569850552306692 0.015533625730994151 0.02696556205328135
0 0.07775950292397661 0.3646848602988954 0.018092105263157895 0.030864197530864196
0 0.7005665204678363 0.0242040285899935 0.01663011695906433 0.025666016894087068
0 0.5446820175438597 0.1286549707602339 0.013523391812865496 0.02631578947368421
0 0.8435672514619883 0.28476283300844707 0.013706140350877192 0.022417153996101363
0 0.9298245614035088 0.0726120857699805 0.01663011695906433 0.028589993502274202
0 0.9664656432748538 0.25958414554905784 0.03271198830409357 0.05263157894736842
0 0.34292763157894735 0.4605263157894737 0.014619883040935672 0.02761533463287849
0 0.5277777777777778 0.12703053931124106 0.013157894736842105 0.02761533463287849
0 0.012883771929824562 0.014782326185834957 0.025767543859649123 0.029564652371669914
0 0.2666301169590643 0.9610136452241715 0.02046783625730994 0.03216374269005848
0 0.9598866959064327 0.16049382716049382 0.01864035087719298 0.03183885640025991
0 0.5108735380116959 0.2324561403508772 0.02010233918128655 0.02761533463287849
0 0.9808114035087719 0.12361923326835607 0.02101608187134503 0.036387264457439894
0 0.6235380116959064 0.16715399610136453 0.018457602339181287 0.03573749187784275
0 0.005573830409356725 0.6655295646523717 0.01114766081871345 0.03183885640025991
0 0.1852156432748538 0.25259909031838856 0.014437134502923976 0.029239766081871343
0 0.5661549707602339 0.3117283950617284 0.024853801169590642 0.051007147498375566
0 0.40040204678362573 0.28005198180636776 0.008406432748538011 0.02046783625730994
0 0.2694627192982456 0.30458089668615984 0.012792397660818713 0.025341130604288498
0 0.8354349415204678 0.14944769330734242 0.0133406432748538 0.02729044834307992
0 0.3823099415204678 0.5081221572449642 0.014437134502923976 0.029889538661468484
0 0.6387061403508771 0.16439246263807666 0.0222953216374269 0.04093567251461988
0 0.6917945906432749 0.5441845354126056 0.014619883040935672 0.02631578947368421
0 0.8128654970760234 0.39035087719298245 0.01608187134502924 0.030864197530864196
0 0.9734100877192983 0.2189733593242365 0.015350877192982455 0.030214424951267055
0 0.7184758771929824 0.4756335282651072 0.019371345029239765 0.028589993502274202
0 0.2584978070175439 0.37849252761533464 0.021198830409356724 0.03281351526965562
0 0.809484649122807 0.5514944769330734 0.03344298245614035 0.06107862248213125
0 0.3059210526315789 0.31319038336582194 0.02887426900584795 0.050682261208576995
0 0.5992324561403509 0.1301169590643275 0.013888888888888888 0.02729044834307992
0 0.659265350877193 0.008447043534762833 0.023940058479532164 0.016894087069525665
0 0.28728070175438597 0.14619883040935672 0.017726608187134504 0.030539311241065625
0 0.49798976608187134 0.3586744639376218 0.011878654970760233 0.02599090318388564
0 0.41547880116959063 0.6088369070825211 0.019736842105263157 0.03573749187784275
0 0.575109649122807 0.007309941520467836 0.02448830409356725 0.014294996751137101