0 0.533625730994152 0.6414879792072774 0.02266081871345029 0.043209876543209874
0 0.4342105263157895 0.526803118908382 0.016812865497076022 0.028914879792072773
0 0.40232090643274854 0.6794996751137102 0.021747076023391813 0.0396361273554256
0 0.5813230994152047 0.41926575698505525 0.029788011695906433 0.0539311241065627
0 0.8234649122807017 0.9052956465237167 0.020650584795321638 0.03151397011046134
0 0.4182200292397661 0.6889213775178687 0.02284356725146199 0.04061078622482131
0 0.40826023391812866 0.6570825211176088 0.01918859649122807 0.03378817413905133
0 0.8001644736842105 0.8412930474333983 0.0268640350877193 0.04678362573099415
0 0.6571637426900585 0.5862573099415205 0.027046783625730993 0.04775828460038986
0 0.1497624269005848 0.7100389863547758 0.02905701754385965 0.04905782975958414
0 0.7358369883040936 0.7342430149447693 0.029788011695906433 0.05295646523716699
0 0.718110380116959 0.7230344379467186 0.026133040935672515 0.048408057179987
0 0.2779605263157895 0.7834632878492528 0.02942251461988304 0.057504873294346975
0 0.046875 0.6455490578297596 0.023026315789473683 0.03508771929824561
0 0.2647112573099415 0.8088044184535412 0.02887426900584795 0.044184535412605586
0 0.66703216374269 0.9762833008447044 0.01608187134502924 0.029889538661468484
0 0.33689692982456143 0.6803118908382066 0.029788011695906433 0.05458089668615984
0 0.5052997076023392 0.7501624431448993 0.023391812865497075 0.04743339831059129
0 0.24643640350877194 0.798408057179987 0.018457602339181287 0.03443794671864847
0 0.75 0.33804418453541263 0.024671052631578948 0.04256010396361273
0 0.1444627192982456 0.27794022092267706 0.02631578947368421 0.049707602339181284
0 0.17260599415204678 0.4282001299545159 0.027777777777777776 0.043209876543209874
0 0.5600328947368421 0.7201104613385315 0.022478070175438597 0.04028589993502274
0 0.07492690058479533 0.6057504873294347 0.026498538011695907 0.04191033138401559
0 0.09210526315789473 0.16016894087069525 0.02503654970760234 0.036387264457439894
0 0.6895102339181286 0.503411306042885 0.029970760233918127 0.051007147498375566
0 0.4992690058479532 0.8658219623131904 0.03033625730994152 0.05295646523716699
0 0.7441520467836257 0.5984405458089669 0.02887426900584795 0.05295646523716699
0 0.575109649122807 0.7407407407407407 0.025219298245614034 0.04158544509421702
0 0.7573099415204678 0.8567251461988304 0.026498538011695907 0.043534762833008445
0 0.9522112573099415 0.3664717348927875 0.031615497076023395 0.05620532813515269
0 0.6631030701754386 0.6254061078622483 0.02887426900584795 0.05198180636777128
0 0.9861111111111112 0.3533138401559454 0.0268640350877193 0.04743339831059129
0 0.5651498538011696 0.9634502923976608 0.03508771929824561 0.0649772579597141
0 0.3942799707602339 0.8083170890188434 0.02101608187134503 0.03541260558804418
0 0.8739948830409356 0.798408057179987 0.03874269005847953 0.07277452891487979
0 0.6260964912280702 0.8836907082521117 0.028691520467836257 0.048408057179987
0 0.4406067251461988 0.7990578297595842 0.03216374269005848 0.05360623781676413
0 0.15369152046783627 0.6210201429499675 0.019736842105263157 0.03281351526965562
0 0.1855811403508772 0.33560753736192334 0.01827485380116959 0.03313840155945419
0 0.27613304093567254 0.6730019493177388 0.03125 0.05523066926575698
0 0.28517909356725146 0.4330734243014945 0.024671052631578948 0.04678362573099415
0 0.8799342105263158 0.650909681611436 0.02503654970760234 0.04223521767381416
0 0.08744517543859649 0.18567251461988304 0.023391812865497075 0.03931124106562703
0 0.0670687134502924 0.4226770630279402 0.0222953216374269 0.038011695906432746
0 0.9027777777777778 0.9683235867446394 0.027046783625730993 0.04905782975958414
0 0.14894005847953215 0.9796946068875894 0.02046783625730994 0.03443794671864847
0 0.22286184210526316 0.13596491228070176 0.02046783625730994 0.044509421702404156
0 0.7981542397660819 0.9446068875893437 0.03125 0.058154645873944116
0 0.3527046783625731 0.301819363222872 0.02631578947368421 0.044184535412605586
0 0.8586440058479532 0.3076673164392463 0.03819444444444445 0.06855100714749837
0 0.05025584795321637 0.9090318388564003 0.037463450292397664 0.06237816764132553
0 0.4457236842105263 0.7215724496426251 0.026133040935672515 0.04678362573099415
0 0.6124817251461988 0.75682261208577 0.02850877192982456 0.050682261208576995
0 0.16748903508771928 0.5479207277452891 0.027960526315789474 0.050357374918778425
0 0.1027046783625731 0.4894411955815465 0.027960526315789474 0.04223521767381416
0 0.8520650584795322 0.1288174139051332 0.025950292397660817 0.04775828460038986
0 0.7139985380116959 0.9782326185834957 0.031432748538011694 0.043534762833008445
0 0.0981359649122807 0.5532813515269656 0.03728070175438596 0.06627680311890838
0 0.6623720760233918 0.2521117608836907 0.013157894736842105 0.023066926575698504
0 0.013523391812865496 0.388401559454191 0.0266812865497076 0.04710851202079272
0 0.5904605263157895 0.13027940220922676 0.02503654970760234 0.042884990253411304
0 0.17077850877192982 0.9766081871345029 0.030153508771929825 0.04678362573099415
0 0.5017361111111112 0.11046133853151396 0.02010233918128655 0.0396361273554256
0 0.7009320175438597 0.07001299545159194 0.01918859649122807 0.04483430799220273
0 0.04815423976608187 0.8576998050682261 0.03892543859649123 0.06302794022092267
0 0.2717470760233918 0.8412930474333983 0.03271198830409357 0.06140350877192982
0 0.08580043859649122 0.4306367771280052 0.017909356725146198 0.03151397011046134
0 0.24223318713450293 0.9429824561403509 0.031432748538011694 0.056530214424951264
0 0.7730263157894737 0.29012345679012347 0.026498538011695907 0.050032488628979854
0 0.3688779239766082 0.3300844704353476 0.019554093567251463 0.03508771929824561
0 0.7239583333333334 0.5024366471734892 0.02412280701754386 0.048408057179987
0 0.17690058479532164 0.884990253411306 0.041666666666666664 0.06855100714749837
0 0.41228070175438597 0.48521767381416503 0.02448830409356725 0.0451591942820013
0 0.9012244152046783 0.3810916179337232 0.023574561403508772 0.050032488628979854
0 0.18146929824561403 0.39473684210526316 0.015350877192982455 0.028589993502274202
0 0.05610380116959064 0.4870045484080572 0.021564327485380116 0.037686809616634176
0 0.16493055555555555 0.9374593892137751 0.027595029239766082 0.04678362573099415
0 0.9323830409356725 0.802956465237167 0.03234649122807018 0.056530214424951264
0 0.4184027777777778 0.7360298895386614 0.02722953216374269 0.04808317089018843
0 0.4232456140350877 0.9571150097465887 0.03654970760233918 0.07179987004548408
0 0.20129751461988304 0.8141650422352177 0.023574561403508772 0.036062378167641324
0 0.6467470760233918 0.845679012345679 0.03764619883040936 0.06725146198830409
0 0.15186403508771928 0.08544509421702404 0.021198830409356724 0.03476283300844704
0 0.18667763157894737 0.8352826510721247 0.027960526315789474 0.04743339831059129
0 0.980171783625731 0.5641650422352177 0.037463450292397664 0.06562703053931124
0 0.35581140350877194 0.3546133853151397 0.019371345029239765 0.036062378167641324
0 0.05921052631578947 0.16552956465237167 0.02887426900584795 0.04548408057179987
0 0.034722222222222224 0.5722871994801819 0.03344298245614035 0.050357374918778425
0 0.2591374269005848 0.7594217024041585 0.03399122807017544 0.05880441845354126
0 0.5773940058479532 0.8114035087719298 0.0266812865497076 0.04645873944119558
0 0.6037097953216374 0.7246588693957114 0.023026315789473683 0.04580896686159844
0 0.39455409356725146 0.5196556205328136 0.015716374269005847 0.038011695906432746
0 0.8103070175438597 0.7384665367121508 0.02284356725146199 0.04126055880441845
0 0.696546052631579 0.7608836907082521 0.02448830409356725 0.044184535412605586
0 0.08908991228070176 0.9805068226120858 0.0266812865497076 0.03898635477582846
0 0.39702119883040937 0.18291098115659518 0.021747076023391813 0.04126055880441845
0 0.9374086257309941 0.4865172189733593 0.033625730994152045 0.05847953216374269
0 0.14126461988304093 0.7430149447693307 0.033808479532163746 0.058154645873944116
0 0.4409722222222222 0.7573099415204678 0.027412280701754384 0.04775828460038986
0 0.18201754385964913 0.9434697855750487 0.02046783625730994 0.036387264457439894
0 0.015990497076023392 0.6717024041585445 0.031980994152046784 0.0539311241065627
0 0.8884320175438597 0.32212475633528265 0.023940058479532164 0.04483430799220273
0 0.016721491228070175 0.14246263807667317 0.02412280701754386 0.04126055880441845
0 0.10544590643274854 0.13125406107862247 0.02138157894736842 0.03833658219623132
0 0.11896929824561403 0.9727095516569201 0.03545321637426901 0.05425601039636127
0 0.007858187134502924 0.7478882391163093 0.015716374269005847 0.042884990253411304
0 0.6327668128654971 0.4184535412605588 0.023940058479532164 0.043209876543209874
0 0.12490862573099415 0.924788823911631 0.0400219298245614 0.06692657569850552
0 0.042306286549707604 0.8235867446393762 0.03435672514619883 0.05360623781676413
0 0.6395285087719298 0.22335932423651722 0.013706140350877192 0.029239766081871343
0 0.24689327485380116 0.8403183885640026 0.03252923976608187 0.057179987004548405
0 0.25703581871345027 0.7230344379467186 0.03252923976608187 0.05620532813515269
0 0.5102339181286549 0.9514294996751137 0.030519005847953216 0.05490578297595841
0 0.8507858187134503 0.5917803768680961 0.014437134502923976 0.025666016894087068
0 0.32090643274853803 0.04922027290448343 0.022478070175438597 0.04061078622482131
0 0.07730263157894737 0.5373619233268356 0.022478070175438597 0.038011695906432746
0 0.494608918128655 0.5331384015594542 0.025584795321637425 0.0451591942820013
0 0.36229897660818716 0.9195906432748538 0.027595029239766082 0.05198180636777128
0 0.394828216374269 0.6487979207277453 0.02540204678362573 0.05295646523716699
0 0.3256578947368421 0.8710201429499675 0.018092105263157895 0.031189083820662766
0 0.04532163742690058 0.7461013645224172 0.02101608187134503 0.030214424951267055
0 0.25566520467836257 0.16390513320337882 0.015350877192982455 0.028265107212475632
0 0.4076206140350877 0.8482781026640676 0.039108187134502925 0.06335282651072124
0 0.066703216374269 0.6661793372319688 0.029970760233918127 0.04580896686159844
0 0.4102704678362573 0.627517868745939 0.02631578947368421 0.043859649122807015
0 0.05893640350877193 0.6154970760233918 0.019371345029239765 0.031189083820662766
0 0.26288377192982454 0.6369395711500975 0.024671052631578948 0.04093567251461988
0 0.5612207602339181 0.9052956465237167 0.03435672514619883 0.056855100714749834
0 0.010782163742690058 0.6064002599090318 0.02138157894736842 0.05588044184535412
0 0.9457236842105263 0.32667316439246263 0.03216374269005848 0.058154645873944116
0 0.33771929824561403 0.3983105912930474 0.023574561403508772 0.04873294346978557
0 0.047149122807017545 0.014294996751137101 0.024671052631578948 0.028589993502274202
0 0.4322916666666667 0.18421052631578946 0.023026315789473683 0.03476283300844704
0 0.1253654970760234 0.059941520467836254 0.04057017543859649 0.06985055230669265
0 0.29449926900584794 0.8731319038336582 0.025950292397660817 0.04873294346978557
0 0.20449561403508773 0.7941845354126056 0.02503654970760234 0.04158544509421702
0 0.23638523391812866 0.9821312540610786 0.03326023391812866 0.03573749187784275
0 0.8213633040935673 0.7743664717348928 0.03435672514619883 0.06432748538011696
0 0.07328216374269006 0.7033788174139052 0.035818713450292396 0.05458089668615984
0 0.2736659356725146 0.39522417153996103 0.02540204678362573 0.04645873944119558
0 0.6367872807017544 0.76819363222872 0.030884502923976608 0.05328135152696556
0 0.15634137426900585 0.1145224171539961 0.02905701754385965 0.042884990253411304
0 0.02147295321637427 0.100227420402859 0.023757309941520467 0.04678362573099415
0 0.9205957602339181 0.8383690708252112 0.028691520467836257 0.0539311241065627
0 0.12006578947368421 0.498862897985705 0.01918859649122807 0.03833658219623132
0 0.5989583333333334 0.6101364522417154 0.03179824561403509 0.05523066926575698
0 0.1314875730994152 0.306367771280052 0.0222953216374269 0.043859649122807015
0 0.2700109649122807 0.44460688758934375 0.015350877192982455 0.028914879792072773
0 0.7171966374269005 0.14717348927875243 0.017726608187134504 0.03151397011046134
0 0.13276681286549707 0.7943469785575049 0.02887426900584795 0.04938271604938271
0 0.9452668128654971 0.5341130604288499 0.039656432748538015 0.06985055230669265
0 0.013797514619883041 0.35640025990903185 0.027595029239766082 0.04808317089018843
0 0.1673062865497076 0.07846003898635477 0.017543859649122806 0.037361923326835605
0 0.07456140350877193 0.6304418453541261 0.022478070175438597 0.0341130604288499
0 0.016721491228070175 0.698180636777128 0.024671052631578948 0.03541260558804418
0 0.3723501461988304 0.08560753736192332 0.01644736842105263 0.03931124106562703
0 0.4864766081871345 0.6271929824561403 0.03490497076023392 0.058154645873944116
0 0.2322733918128655 0.8641975308641975 0.025219298245614034 0.04223521767381416
0 0.14382309941520469 0.47953216374269003 0.01882309941520468 0.03248862897985705
0 0.16429093567251463 0.15058479532163743 0.015899122807017545 0.030864197530864196
0 0.8099415204678363 0.8968486029889539 0.01608187134502924 0.02761533463287849
0 0.9844663742690059 0.2158869395711501 0.031067251461988302 0.07244964262508122
0 0.7014802631578947 0.29922027290448344 0.01644736842105263 0.02794022092267706
0 0.11869517543859649 0.6296296296296297 0.029605263157894735 0.050357374918778425
0 0.9157529239766082 0.7365172189733593 0.024853801169590642 0.042884990253411304
0 0.25466008771929827 0.2737166991552957 0.01663011695906433 0.03541260558804418
0 0.026589912280701754 0.6039636127355426 0.022478070175438597 0.03931124106562703
0 0.1695906432748538 0.5138076673164392 0.02010233918128655 0.036712150747238464
0 0.1602704678362573 0.19428200129954515 0.024853801169590642 0.04873294346978557
0 0.4629934210526316 0.8807667316439246 0.027960526315789474 0.05458089668615984
0 0.8111293859649122 0.45419103313840153 0.036366959064327485 0.05847953216374269
0 0.8998538011695907 0.6080246913580247 0.017543859649122806 0.028589993502274202
0 0.5038377192982456 0.6874593892137751 0.03307748538011696 0.05880441845354126
0 0.27010233918128657 0.5781351526965562 0.028326023391812866 0.04905782975958414
0 0.07574926900584796 0.37491877842755034 0.030884502923976608 0.05328135152696556
0 0.4085343567251462 0.5562053281351527 0.031067251461988302 0.050032488628979854
0 0.03216374269005848 0.9333983105912931 0.02448830409356725 0.036387264457439894
0 0.17973318713450293 0.36712150747238464 0.015899122807017545 0.02794022092267706
0 0.626827485380117 0.12199480181936322 0.020833333333333332 0.036387264457439894
0 0.12911184210526316 0.5784600389863548 0.024671052631578948 0.04256010396361273
0 0.3939144736842105 0.15659519168291097 0.02284356725146199 0.03541260558804418
0 0.7564875730994152 0.5859324236517219 0.0222953216374269 0.03898635477582846
0 0.67671783625731 0.7618583495776479 0.029605263157894735 0.050682261208576995
0 0.2760416666666667 0.5237166991552956 0.03271198830409357 0.05880441845354126
0 0.7257858187134503 0.2680311890838207 0.016812865497076022 0.030214424951267055
0 0.19298245614035087 0.3216374269005848 0.01827485380116959 0.037037037037037035
0 0.4934210526315789 0.900909681611436 0.023940058479532164 0.043534762833008445
0 0.9568713450292398 0.198180636777128 0.029788011695906433 0.04808317089018843
0 0.6640168128654971 0.40919428200129954 0.02101608187134503 0.036712150747238464
0 0.9210526315789473 0.5909681611435997 0.029788011695906433 0.049707602339181284
0 0.6926169590643275 0.593404808317089 0.03271198830409357 0.06010396361273554
0 0.9866593567251462 0.5355750487329435 0.0266812865497076 0.05847953216374269
0 0.4303728070175439 0.6435997400909682 0.03326023391812866 0.05880441845354126
0 0.7390350877192983 0.29434697855750486 0.015716374269005847 0.029239766081871343
0 0.7256030701754386 0.09519168291098115 0.012975146198830409 0.025341130604288498
0 0.5323464912280702 0.4951267056530214 0.03618421052631579 0.06107862248213125
0 0.15058479532163743 0.5800844704353476 0.029970760233918127 0.049707602339181284
0 0.09841008771929824 0.40919428200129954 0.021564327485380116 0.03378817413905133
0 0.856359649122807 0.47400909681611436 0.039108187134502925 0.06985055230669265
0 0.04632675438596491 0.24740090968161144 0.025584795321637425 0.04028589993502274
0 0.10827850877192982 0.7948343079922028 0.038011695906432746 0.058154645873944116
0 0.308296783625731 0.45565302144249514 0.021747076023391813 0.03931124106562703
0 0.7432383040935673 0.4987004548408057 0.021564327485380116 0.03898635477582846
0 0.5013706140350878 0.17040285899935023 0.01663011695906433 0.030864197530864196
0 0.20065789473684212 0.4636127355425601 0.02101608187134503 0.037361923326835605
0 0.6602704678362573 0.08706952566601689 0.013523391812865496 0.024691358024691357
0 0.6895102339181286 0.877517868745939 0.029239766081871343 0.048408057179987
0 0.4463633040935672 0.48408057179987 0.024305555555555556 0.044509421702404156
0 0.7562134502923976 0.5588044184535412 0.0222953216374269 0.03833658219623132
0 0.08305921052631579 0.934535412605588 0.027777777777777776 0.03866146848602989
0 0.18466739766081872 0.7790773229369721 0.034173976608187134 0.056530214424951264
0 0.2328216374269006 0.7943469785575049 0.020833333333333332 0.036062378167641324
0 0.6048062865497076 0.1111111111111111 0.013523391812865496 0.029239766081871343
0 0.34438961988304095 0.9088693957115009 0.02320906432748538 0.04580896686159844
0 0.3338815789473684 0.9429824561403509 0.01516812865497076 0.02696556205328135
0 0.5041118421052632 0.19411955815464588 0.012244152046783625 0.028589993502274202
0 0.28764619883040937 0.9866796621182586 0.02722953216374269 0.02664067576348278
0 0.8621162280701754 0.9491552956465237 0.03874269005847953 0.0627030539311241
0 0.3182565789473684 0.2573099415204678 0.015899122807017545 0.03183885640025991
0 0.4841922514619883 0.1751137102014295 0.011513157894736841 0.028265107212475632
0 0.13422880116959066 0.5277777777777778 0.019736842105263157 0.03541260558804418
0 0.047697368421052634 0.5401234567901234 0.028691520467836257 0.04808317089018843
0 0.7462536549707602 0.9782326185834957 0.023757309941520467 0.036712150747238464
0 0.2612390350877193 0.4922027290448343 0.028691520467836257 0.05360623781676413
0 0.9514802631578947 0.8905133203378818 0.031067251461988302 0.051332033788174136
0 0.5524488304093568 0.9335607537361923 0.025767543859649123 0.044184535412605586
0 0.269828216374269 0.9103313840155945 0.017543859649122806 0.029889538661468484
0 0.16794590643274854 0.8375568551007148 0.02722953216374269 0.0451591942820013
0 0.26206140350877194 0.1034762833008447 0.02046783625730994 0.03898635477582846
0 0.929093567251462 0.2223846653671215 0.03527046783625731 0.06400259909031839
0 0.9784356725146199 0.3271604938271605 0.0402046783625731 0.06920077972709551
0 0.40158991228070173 0.7470760233918129 0.024305555555555556 0.044184535412605586
0 0.47596856725146197 0.11760883690708251 0.023757309941520467 0.0451591942820013
0 0.6324926900584795 0.6757634827810266 0.03216374269005848 0.05588044184535412
0 0.36504020467836257 0.6663417803768681 0.017909356725146198 0.03281351526965562
0 0.6673062865497076 0.09697855750487329 0.01425438596491228 0.028265107212475632
0 0.8812134502923976 0.8585120207927226 0.024305555555555556 0.05230669265756985
0 0.6885964912280702 0.1915204678362573 0.02010233918128655 0.036062378167641324
0 0.400858918128655 0.39766081871345027 0.024671052631578948 0.04645873944119558
0 0.6828399122807017 0.39571150097465885 0.018457602339181287 0.03573749187784275
0 0.6187865497076024 0.10818713450292397 0.014985380116959063 0.028589993502274202
0 0.8708881578947368 0.5635152696556205 0.03929093567251462 0.06887589343729694
0 0.8591922514619883 0.7462638076673165 0.046052631578947366 0.0769980506822612
0 0.5447733918128655 0.06838856400259909 0.012609649122807017 0.028589993502274202
0 0.13194444444444445 0.8352826510721247 0.036366959064327485 0.06107862248213125
0 0.19270833333333334 0.5961663417803769 0.01882309941520468 0.037686809616634176
0 0.39491959064327486 0.12816764132553607 0.022478070175438597 0.036387264457439894
0 0.06240862573099415 0.8193632228719948 0.021929824561403508 0.037037037037037035
0 0.28691520467836257 0.7205977907732294 0.034722222222222224 0.05847953216374269
0 0.08534356725146199 0.8833658219623132 0.028326023391812866 0.04613385315139701
0 0.17827119883040934 0.7335932423651722 0.024671052631578948 0.044184535412605586
0 0.908625730994152 0.7706302794022092 0.04294590643274854 0.07179987004548408
0 0.3725328947368421 0.05181936322287199 0.0133406432748538 0.030214424951267055
0 0.06359649122807018 0.3508771929824561 0.024853801169590642 0.036062378167641324
0 0.5881761695906432 0.34307992202729043 0.014802631578947368 0.02729044834307992
0 0.8069261695906432 0.032651072124756333 0.035818713450292396 0.06432748538011696
0 0.18932748538011696 0.6307667316439246 0.019005847953216373 0.03281351526965562
0 0.46600877192982454 0.24837556855100715 0.014802631578947368 0.03508771929824561
0 0.9214181286549707 0.3473034437946719 0.04093567251461988 0.0792722547108512
0 0.21335891812865498 0.35510071474983756 0.01918859649122807 0.04093567251461988
0 0.7711988304093568 0.7974333983105913 0.022112573099415205 0.037361923326835605
0 0.9643640350877193 0.6364522417153996 0.038011695906432746 0.06920077972709551
0 0.2877375730994152 0.2324561403508772 0.01663011695906433 0.03931124106562703
0 0.017361111111111112 0.8880766731643924 0.033808479532163746 0.0594541910331384
0 0.2364766081871345 0.1881091617933723 0.02722953216374269 0.044509421702404156
0 0.8524305555555556 0.0242040285899935 0.03252923976608187 0.048408057179987
0 0.711531432748538 0.6307667316439246 0.02850877192982456 0.04775828460038986
0 0.8211805555555556 0.10168940870695256 0.033808479532163746 0.06335282651072124
0 0.8644919590643275 0.9074074074074074 0.0268640350877193 0.04645873944119558
0 0.3969298245614035 0.06302794022092267 0.022478070175438597 0.043859649122807015
0 0.09703947368421052 0.4600389863547758 0.03399122807017544 0.05328135152696556
0 0.2808845029239766 0.2831384015594542 0.02631578947368421 0.04483430799220273
0 0.7220394736842105 0.2006172839506173 0.023757309941520467 0.043534762833008445
0 0.6610014619883041 0.058154645873944116 0.02412280701754386 0.03996101364522417
0 0.5070358187134503 0.25097465886939574 0.015716374269005847 0.029239766081871343
0 0.29943347953216376 0.01299545159194282 0.014437134502923976 0.02599090318388564
0 0.27576754385964913 0.015432098765432098 0.021929824561403508 0.030864197530864196
0 0.8372624269005848 0.6263807667316439 0.02448830409356725 0.0396361273554256
0 0.7362938596491229 0.19249512670565302 0.017361111111111112 0.03898635477582846
0 0.6342288011695907 0.16796621182586094 0.025950292397660817 0.04126055880441845
0 0.8874269005847953 0.19476933073424302 0.029605263157894735 0.048408057179987
0 0.733735380116959 0.05523066926575698 0.026498538011695907 0.05198180636777128
0 0.3927266081871345 0.09486679662118258 0.01827485380116959 0.031189083820662766
0 0.11577119883040936 0.3096166341780377 0.02320906432748538 0.036387264457439894
0 0.6855811403508771 0.7280701754385965 0.02850877192982456 0.05295646523716699
0 0.13971125730994152 0.1717024041585445 0.018457602339181287 0.03151397011046134
0 0.8803910818713451 0.4074074074074074 0.03307748538011696 0.0539311241065627
0 0.7055921052631579 0.5295646523716699 0.018092105263157895 0.03151397011046134
0 0.03188961988304093 0.04905782975958414 0.02448830409356725 0.04223521767381416
0 0.7902046783625731 0.7423651721897336 0.019736842105263157 0.03378817413905133
0 0.6071820175438597 0.644087069525666 0.029970760233918127 0.05458089668615984
0 0.2574926900584795 0.6658544509421702 0.028691520467836257 0.05425601039636127
0 0.4680190058479532 0.07521117608836907 0.033808479532163746 0.0627030539311241
0 0.5728252923976608 0.29792072774528916 0.012609649122807017 0.023716699155295645
0 0.2928545321637427 0.4616634178037687 0.025219298245614034 0.04158544509421702
0 0.7299890350877193 0.8078297595841456 0.02448830409356725 0.04093567251461988
0 0.6890533625730995 0.8166016894087069 0.03490497076023392 0.05912930474333983
0 0.20394736842105263 0.046296296296296294 0.01827485380116959 0.03248862897985705
0 0.5331688596491229 0.6085120207927226 0.02722953216374269 0.04905782975958414
0 0.4971673976608187 0.4975633528265107 0.017726608187134504 0.03151397011046134
0 0.715734649122807 0.6562703053931124 0.02284356725146199 0.037037037037037035
0 0.7535635964912281 0.9457439896036387 0.03490497076023392 0.05295646523716699
0 0.07081505847953216 0.11728395061728394 0.017726608187134504 0.03248862897985705
0 0.039565058479532164 0.7928849902534113 0.039656432748538015 0.05620532813515269
0 0.48793859649122806 0.22011046133853152 0.011695906432748537 0.02794022092267706
0 0.15323464912280702 0.5510071474983755 0.01864035087719298 0.036387264457439894
0 0.47039473684210525 0.3347953216374269 0.013706140350877192 0.024366471734892786
0 0.3950109649122807 0.6060753736192332 0.015350877192982455 0.02664067576348278
0 0.342562134502924 0.969785575048733 0.02320906432748538 0.0396361273554256
0 0.25274122807017546 0.012508122157244964 0.02046783625730994 0.025016244314489927
0 0.7898391812865497 0.4075698505523067 0.018092105263157895 0.03248862897985705
0 0.40478801169590645 0.8932748538011696 0.03289473684210526 0.05295646523716699
0 0.663468567251462 0.9124431448992852 0.021929824561403508 0.038011695906432746
0 0.3660453216374269 0.554093567251462 0.03125 0.050682261208576995
0 0.3114948830409357 0.39473684210526316 0.014619883040935672 0.02696556205328135
0 0.29294590643274854 0.9306367771280052 0.04349415204678363 0.07732293697205977
0 0.49360380116959063 0.4280376868096166 0.0222953216374269 0.04191033138401559
0 0.0754751461988304 0.01055880441845354 0.027595029239766082 0.02111760883690708
0 0.9809941520467836 0.7012670565302144 0.037463450292397664 0.07212475633528265
0 0.07099780701754387 0.27046783625730997 0.029605263157894735 0.056530214424951264
0 0.3391812865497076 0.8763807667316439 0.017361111111111112 0.038011695906432746
0 0.19270833333333334 0.28248862897985705 0.02046783625730994 0.03866146848602989
0 0.7569444444444444 0.18551007147498375 0.02284356725146199 0.04645873944119558
0 0.3485014619883041 0.3765432098765432 0.027595029239766082 0.04873294346978557
0 0.2873720760233918 0.8242365172189734 0.02101608187134503 0.04093567251461988
0 0.5847953216374269 0.2818388564002599 0.0133406432748538 0.02631578947368421
0 0.3688779239766082 0.16471734892787523 0.017178362573099414 0.03541260558804418
0 0.44435307017543857 0.5420727745289149 0.014437134502923976 0.025016244314489927
0 0.009685672514619883 0.5708252111760884 0.019371345029239765 0.05490578297595841
0 0.4288194444444444 0.8206627680311891 0.023940058479532164 0.043859649122807015
0 0.37198464912280704 0.4580896686159844 0.017543859649122806 0.04743339831059129
0 0.4851059941520468 0.2854126055880442 0.016264619883040937 0.03151397011046134
0 0.26991959064327486 0.07309941520467836 0.01918859649122807 0.03151397011046134
0 0.5612207602339181 0.8663092917478883 0.039473684210526314 0.06692657569850552
0 0.7605994152046783 0.2435022742040286 0.02284356725146199 0.0451591942820013
0 0.43494152046783624 0.15383365821962314 0.017178362573099414 0.029564652371669914
0 0.8109466374269005 0.38336582196231317 0.014619883040935672 0.025341130604288498
0 0.6687682748538012 0.7875243664717348 0.022112573099415205 0.03996101364522417
0 0.6821089181286549 0.07439896036387264 0.017178362573099414 0.03508771929824561
0 0.34904970760233917 0.20906432748538012 0.028143274853801168 0.04710851202079272
0 0.8007127192982456 0.6325536062378168 0.028143274853801168 0.042884990253411304
0 0.5259502923976608 0.4514294996751137 0.027412280701754384 0.04905782975958414
0 0.5166301169590644 0.36078622482131256 0.02284356725146199 0.04223521767381416
0 0.8589181286549707 0.1572449642625081 0.023026315789473683 0.042884990253411304
0 0.709703947368421 0.34096816114359974 0.014619883040935672 0.028265107212475632
0 0.3684210526315789 0.28135152696556204 0.019005847953216373 0.03866146848602989
0 0.5158077485380117 0.39441195581546457 0.014071637426900584 0.028265107212475632
0 0.2139985380116959 0.0661143599740091 0.01663011695906433 0.03151397011046134
0 0.549250730994152 0.11972059779077322 0.015716374269005847 0.029239766081871343
0 0.7867324561403509 0.47823261858349575 0.025767543859649123 0.04158544509421702
0 0.22953216374269006 0.42105263157894735 0.018092105263157895 0.03313840155945419
0 0.47341008771929827 0.37475633528265107 0.031432748538011694 0.05458089668615984
0 0.45741959064327486 0.11955815464587394 0.011513157894736841 0.02729044834307992
0 0.9534904970760234 0.9398960363872645 0.04203216374269006 0.07472384665367121
0 0.43430190058479534 0.3203378817413905 0.03033625730994152 0.05523066926575698
0 0.6162280701754386 0.21718648473034438 0.0133406432748538 0.025341130604288498
0 0.5296052631578947 0.5534437946718649 0.015899122807017545 0.029564652371669914
0 0.897843567251462 0.7069525666016894 0.038559941520467836 0.06237816764132553
0 0.36312134502923976 0.40903183885640026 0.0222953216374269 0.03476283300844704
0 0.007035818713450292 0.18469785575048733 0.014071637426900584 0.043534762833008445
0 0.5816885964912281 0.7839506172839507 0.03216374269005848 0.05523066926575698
0 0.12161915204678363 0.26478232618583497 0.02046783625730994 0.03313840155945419
0 0.8092105263157895 0.5547433398310592 0.01644736842105263 0.028914879792072773
0 0.0779422514619883 0.22043534762833009 0.029605263157894735 0.04905782975958414
0 0.68265716374269 0.8588369070825211 0.025584795321637425 0.04548408057179987
0 0.4375 0.683885640025991 0.02722953216374269 0.05165692007797271
0 0.9728618421052632 0.9740090968161144 0.051535087719298246 0.05198180636777128
0 0.2858187134502924 0.1682910981156595 0.012975146198830409 0.024366471734892786
0 0.7822551169590644 0.8453541260558805 0.01882309941520468 0.031189083820662766
0 0.6650219298245614 0.6660168940870695 0.03125 0.057504873294346975
0 0.2951388888888889 0.07358674463937621 0.015533625730994151 0.02794022092267706
0 0.42580409356725146 0.5074723846653671 0.0268640350877193 0.04613385315139701
0 0.7743969298245614 0.6635802469135802 0.02320906432748538 0.04548408057179987
0 0.9496527777777778 0.8458414554905783 0.019736842105263157 0.02599090318388564
0 0.6245431286549707 0.7233593242365172 0.03307748538011696 0.058154645873944116
0 0.6961805555555556 0.2753411306042885 0.025219298245614034 0.043859649122807015
0 0.8156067251461988 0.9241390513320338 0.021198830409356724 0.03898635477582846
0 0.3098501461988304 0.7248213125406108 0.022112573099415205 0.0396361273554256
0 0.09822733918128655 0.22319688109161792 0.024853801169590642 0.04223521767381416
0 0.0335343567251462 0.1793372319688109 0.02503654970760234 0.036712150747238464
0 0.4222404970760234 0.8804418453541261 0.023757309941520467 0.043209876543209874
0 0.4130116959064328 0.01608187134502924 0.019919590643274854 0.03216374269005848
0 0.31834795321637427 0.15204678362573099 0.02284356725146199 0.04191033138401559
0 0.792671783625731 0.38060428849902533 0.028691520467836257 0.04873294346978557
0 0.1069078947368421 0.899772579597141 0.027960526315789474 0.050357374918778425
0 0.7126279239766082 0.6806367771280052 0.028691520467836257 0.04710851202079272
0 0.2290752923976608 0.09145549057829759 0.014071637426900584 0.03313840155945419
0 0.7399488304093568 0.08641975308641975 0.014802631578947368 0.029239766081871343
0 0.8974780701754386 0.589993502274204 0.017178362573099414 0.02696556205328135
0 0.0783077485380117 0.032975958414554904 0.03453947368421053 0.051332033788174136
0 0.36860380116959063 0.3598115659519168 0.020833333333333332 0.038011695906432746
0 0.8071089181286549 0.6679662118258609 0.023940058479532164 0.04028589993502274
0 0.39903143274853803 0.5787849252761533 0.02046783625730994 0.036387264457439894
0 0.04203216374269006 0.21751137102014295 0.03764619883040936 0.05328135152696556
0 0.5243055555555556 0.24788823911630928 0.017909356725146198 0.030864197530864196
0 0.7023026315789473 0.24528914879792071 0.020285087719298246 0.03248862897985705
0 0.7628837719298246 0.13190383365821962 0.015350877192982455 0.028914879792072773
0 0.7585891812865497 0.44753086419753085 0.013706140350877192 0.02761533463287849
0 0.16255482456140352 0.03914879792072774 0.018092105263157895 0.0341130604288499
0 0.20111476608187134 0.2605588044184535 0.015716374269005847 0.029239766081871343
0 0.5248538011695907 0.17332683560753737 0.015533625730994151 0.031189083820662766
0 0.6235380116959064 0.24561403508771928 0.016812865497076022 0.03476283300844704
0 0.3723501461988304 0.11565951916829109 0.014802631578947368 0.0341130604288499
0 0.796235380116959 0.18339831059129305 0.025584795321637425 0.042884990253411304
0 0.7359283625730995 0.7794022092267706 0.033625730994152045 0.06172839506172839
0 0.2963267543859649 0.9762833008447044 0.017178362573099414 0.028589993502274202
0 0.6514985380116959 0.7958089668615984 0.014071637426900584 0.02696556205328135
0 0.4180372807017544 0.1397011046133853 0.027595029239766082 0.050682261208576995
0 0.8712536549707602 0.2324561403508772 0.030519005847953216 0.06042884990253411
0 0.8858735380116959 0.44346978557504874 0.02722953216374269 0.0539311241065627
0 0.16940789473684212 0.753411306042885 0.019371345029239765 0.031189083820662766
0 0.4123720760233918 0.19753086419753085 0.02010233918128655 0.051332033788174136
0 0.26114766081871343 0.20029239766081872 0.01882309941520468 0.03378817413905133
0 0.5137061403508771 0.8377192982456141 0.025950292397660817 0.044509421702404156
0 0.7495431286549707 0.8966861598440545 0.03435672514619883 0.06562703053931124
0 0.29102704678362573 0.6928200129954516 0.0268640350877193 0.044184535412605586
0 0.8009868421052632 0.8771929824561403 0.02138157894736842 0.036712150747238464
0 0.8966557017543859 0.8549382716049383 0.033808479532163746 0.06107862248213125
0 0.1545138888888889 0.47400909681611436 0.017543859649122806 0.03313840155945419
0 0.6282894736842105 0.14571150097465888 0.023574561403508772 0.03866146848602989
0 0.3427448830409357 0.5966536712150747 0.029970760233918127 0.050682261208576995
0 0.9077119883040936 0.9397335932423652 0.03070175438596491 0.056530214424951264
0 0.49643640350877194 0.5810591293047433 0.017543859649122806 0.030864197530864196
0 0.6053545321637427 0.248862897985705 0.012244152046783625 0.025016244314489927
0 0.3644005847953216 0.6190708252111761 0.023574561403508772 0.04678362573099415
0 0.3919956140350877 0.013482781026640675 0.01864035087719298 0.02696556205328135
0 0.01644736842105263 0.015432098765432098 0.026498538011695907 0.030864197530864196
0 0.40213815789473684 0.35103963612735545 0.024671052631578948 0.03931124106562703
0 0.6429093567251462 0.24610136452241715 0.015716374269005847 0.029564652371669914
0 0.35370979532163743 0.050357374918778425 0.01699561403508772 0.03476283300844704
0 0.29851973684210525 0.8230994152046783 0.020285087719298246 0.037686809616634176
0 0.43357090643274854 0.23862897985705003 0.031615497076023395 0.05490578297595841
0 0.6589912280701754 0.2168615984405458 0.015899122807017545 0.02794022092267706
0 0.3189875730994152 0.1895711500974659 0.01699561403508772 0.03183885640025991
0 0.5831505847953217 0.8518518518518519 0.019371345029239765 0.03183885640025991
0 0.13514254385964913 0.3973359324236517 0.019736842105263157 0.03151397011046134
0 0.3034539473684211 0.35526315789473684 0.028326023391812866 0.0539311241065627
0 0.8007127192982456 0.15708252111760884 0.01864035087719298 0.03346328784925276
0 0.33379020467836257 0.647498375568551 0.014619883040935672 0.025666016894087068
0 0.10343567251461988 0.07683560753736192 0.021564327485380116 0.03313840155945419
0 0.8276681286549707 0.5682261208576999 0.025767543859649123 0.04710851202079272
0 0.18357090643274854 0.6483105912930475 0.02448830409356725 0.038011695906432746
0 0.5726425438596491 0.18843404808317088 0.019919590643274854 0.03833658219623132
0 0.906889619883041 0.3001949317738791 0.027412280701754384 0.04808317089018843
0 0.9639985380116959 0.41699155295646523 0.03326023391812866 0.06205328135152696
0 0.12006578947368421 0.12183235867446393 0.01918859649122807 0.03898635477582846
0 0.9890350877192983 0.2691682910981157 0.021929824561403508 0.05328135152696556
0 0.0847953216374269 0.514782326185835 0.027046783625730993 0.038011695906432746
0 0.35855263157894735 0.9749837556855101 0.019554093567251463 0.03898635477582846
0 0.694718567251462 0.9801819363222872 0.018457602339181287 0.03313840155945419
0 0.373812134502924 0.2214100064977258 0.016264619883040937 0.03313840155945419
0 0.10836988304093567 0.7573099415204678 0.039108187134502925 0.056855100714749834
0 0.7755847953216374 0.17316439246263807 0.012609649122807017 0.02599090318388564
0 0.09904970760233918 0.1046133853151397 0.03435672514619883 0.04873294346978557
0 0.3366228070175439 0.7860623781676414 0.028326023391812866 0.056530214424951264
0 0.8914473684210527 0.48294346978557506 0.029970760233918127 0.05458089668615984
0 0.8723501461988304 0.6015269655620533 0.017909356725146198 0.030214424951267055
0 0.3972039473684211 0.29467186484730346 0.015350877192982455 0.025341130604288498
0 0.4536732456140351 0.7633203378817414 0.013523391812865496 0.025016244314489927
0 0.8388157894736842 0.3819038336582196 0.029239766081871343 0.049707602339181284
0 0.6420869883040936 0.8117283950617284 0.021198830409356724 0.037361923326835605
0 0.6862207602339181 0.1366146848602989 0.019554093567251463 0.036712150747238464
0 0.7923062865497076 0.3157894736842105 0.012792397660818713 0.024041585445094216
0 0.21299342105263158 0.6159844054580896 0.030519005847953216 0.044509421702404156
0 0.813139619883041 0.4171539961013645 0.027046783625730993 0.04710851202079272
0 0.30409356725146197 0.5414230019493177 0.021564327485380116 0.03508771929824561
0 0.5124269005847953 0.04678362573099415 0.01425438596491228 0.031189083820662766
0 0.16410818713450293 0.32456140350877194 0.016812865497076022 0.031189083820662766
0 0.19499269005847952 0.5025990903183886 0.022112573099415205 0.044184535412605586
0 0.5752923976608187 0.23684210526315788 0.013888888888888888 0.028914879792072773
0 0.5296052631578947 0.26851851851851855 0.022478070175438597 0.03931124106562703
0 0.3671418128654971 0.06107862248213125 0.013157894736842105 0.023066926575698504
0 0.9171235380116959 0.18291098115659518 0.0266812865497076 0.04678362573099415
0 0.8480445906432749 0.7045159194282001 0.020285087719298246 0.031189083820662766
0 0.3475877192982456 0.8255360623781677 0.02905701754385965 0.05230669265756985
0 0.7203947368421053 0.24528914879792071 0.014437134502923976 0.02631578947368421
0 0.8452119883040936 0.5534437946718649 0.014071637426900584 0.024366471734892786
0 0.5942068713450293 0.9798570500324886 0.023757309941520467 0.03866146848602989
0 0.32648026315789475 0.8919753086419753 0.015350877192982455 0.02696556205328135
0 0.13066520467836257 0.43128654970760233 0.0266812865497076 0.05263157894736842
0 0.1697733918128655 0.3958739441195582 0.01864035087719298 0.030864197530864196
0 0.5433114035087719 0.6790123456790124 0.030153508771929825 0.05230669265756985
0 0.8176169590643275 0.25292397660818716 0.023026315789473683 0.044184535412605586
0 0.5794956140350878 0.6986679662118258 0.01882309941520468 0.037361923326835605
0 0.6246345029239766 0.06221572449642625 0.019005847953216373 0.03931124106562703
0 0.4745065789473684 0.5958414554905783 0.019005847953216373 0.036387264457439894
0 0.11631944444444445 0.28476283300844707 0.019005847953216373 0.030864197530864196
0 0.1878654970760234 0.24642625081221572 0.021564327485380116 0.04028589993502274
0 0.7683662280701754 0.7391163092917479 0.031067251461988302 0.05165692007797271
0 0.7942251461988304 0.28979857050032487 0.014071637426900584 0.025666016894087068
0 0.44745979532163743 0.6270305393112411 0.02887426900584795 0.05295646523716699
0 0.59375 0.22758284600389864 0.013888888888888888 0.025016244314489927
0 0.05546418128654971 0.3802794022092268 0.023940058479532164 0.04028589993502274
0 0.9057931286549707 0.09226770630279402 0.035818713450292396 0.06400259909031839
0 0.5087719298245614 0.6268680961663418 0.011878654970760233 0.02664067576348278
0 0.03819444444444445 0.11484730344379467 0.025767543859649123 0.05360623781676413
0 0.5634137426900585 0.25471085120207926 0.01425438596491228 0.02761533463287849
0 0.8209978070175439 0.5367121507472384 0.019371345029239765 0.0341130604288499
0 0.65625 0.8866146848602989 0.025950292397660817 0.04710851202079272
0 0.5053910818713451 0.08284600389863547 0.013157894736842105 0.022742040285899934
0 0.22249634502923976 0.43973359324236516 0.021747076023391813 0.038011695906432746
0 0.7112573099415205 0.5485705003248863 0.01425438596491228 0.02599090318388564
0 0.31661184210526316 0.2888239116309292 0.02138157894736842 0.03378817413905133
0 0.07428728070175439 0.06286549707602339 0.028143274853801168 0.050682261208576995
0 0.19325657894736842 0.684535412605588 0.023940058479532164 0.042884990253411304
0 0.4392361111111111 0.397498375568551 0.025767543859649123 0.051007147498375566
0 0.3307748538011696 0.9822936972059779 0.03179824561403509 0.03541260558804418
0 0.9057931286549707 0.24480181936322287 0.0268640350877193 0.04678362573099415
0 0.3409173976608187 0.13304093567251463 0.014071637426900584 0.02761533463287849
0 0.2503654970760234 0.889538661468486 0.030153508771929825 0.05263157894736842
0 0.3069261695906433 0.17267706302794023 0.020650584795321638 0.03476283300844704
0 0.009137426900584795 0.6410006497725796 0.01827485380116959 0.04808317089018843
0 0.5476973684210527 0.3794671864847303 0.02540204678362573 0.03898635477582846
0 0.7196637426900585 0.45743989603638724 0.020650584795321638 0.037686809616634176
0 0.45614035087719296 0.1466861598440546 0.010416666666666666 0.02664067576348278
0 0.7050438596491229 0.03135152696556205 0.024305555555555556 0.044184535412605586
0 0.4920504385964912 0.34860298895386616 0.012609649122807017 0.02664067576348278
0 0.5201023391812866 0.19655620532813514 0.013888888888888888 0.028265107212475632
0 0.4006761695906433 0.49740090968161144 0.017361111111111112 0.036387264457439894
0 0.5482456140350878 0.46020142949967513 0.027046783625730993 0.050032488628979854
0 0.1585343567251462 0.8640350877192983 0.017361111111111112 0.02631578947368421
0 0.8647660818713451 0.17998700454840805 0.01425438596491228 0.024041585445094216
0 0.29888523391812866 0.13450292397660818 0.01918859649122807 0.036712150747238464
0 0.8672331871345029 0.5126705653021443 0.020650584795321638 0.0341130604288499
0 0.9485562865497076 0.15204678362573099 0.03271198830409357 0.056855100714749834
0 0.17452485380116958 0.10916179337231968 0.014619883040935672 0.030864197530864196
0 0.11421783625730994 0.17430149447693308 0.014437134502923976 0.02729044834307992
0 0.23364400584795322 0.3729694606887589 0.01699561403508772 0.028914879792072773
0 0.3033625730994152 0.2566601689408707 0.01918859649122807 0.03216374269005848
0 0.8758223684210527 0.15773229369720598 0.030153508771929825 0.051332033788174136
0 0.8497807017543859 0.8734567901234568 0.03252923976608187 0.05230669265756985
0 0.18393640350877194 0.35510071474983756 0.017178362573099414 0.029889538661468484
0 0.28463084795321636 0.19460688758934372 0.017543859649122806 0.03833658219623132
0 0.945906432748538 0.01608187134502924 0.02887426900584795 0.03216374269005848
0 0.7025767543859649 0.10282651072124756 0.016264619883040937 0.030539311241065625
0 0.4449013157894737 0.5131578947368421 0.022112573099415205 0.043534762833008445
0 0.3446637426900585 0.3226120857699805 0.023391812865497075 0.04061078622482131
0 0.5982273391812866 0.20646523716699156 0.02101608187134503 0.0396361273554256
0 0.36229897660818716 0.6910331384015594 0.020285087719298246 0.03346328784925276
0 0.04285453216374269 0.42332683560753737 0.036366959064327485 0.05620532813515269
0 0.6963633040935673 0.4351851851851852 0.017909356725146198 0.03346328784925276
0 0.029696637426900586 0.2785899935022742 0.0356359649122807 0.05620532813515269
0 0.22414108187134502 0.648635477582846 0.024853801169590642 0.043209876543209874
0 0.05290570175438596 0.06725146198830409 0.025584795321637425 0.04061078622482131
0 0.3607456140350877 0.836582196231319 0.021564327485380116 0.04028589993502274
0 0.8221856725146199 0.7205977907732294 0.017726608187134504 0.025016244314489927
0 0.19179459064327486 0.9831059129304743 0.012975146198830409 0.022742040285899934
0 0.16794590643274854 0.4636127355425601 0.02412280701754386 0.04743339831059129
0 0.8398209064327485 0.6500974658869396 0.021198830409356724 0.03573749187784275
0 0.30308845029239767 0.8412930474333983 0.018092105263157895 0.03346328784925276
0 0.34502923976608185 0.08398310591293047 0.014985380116959063 0.029564652371669914
0 0.9364948830409356 0.6658544509421702 0.021198830409356724 0.03248862897985705
0 0.20221125730994152 0.5462962962962963 0.01699561403508772 0.030214424951267055
0 0.7702850877192983 0.9853801169590644 0.020833333333333332 0.028589993502274202
0 0.10599415204678363 0.20776478232618584 0.02448830409356725 0.04126055880441845
0 0.24287280701754385 0.2322936972059779 0.027412280701754384 0.04873294346978557
0 0.15926535087719298 0.6016894087069525 0.019554093567251463 0.03346328784925276
0 0.524031432748538 0.9808317089018843 0.0222953216374269 0.03833658219623132
0 0.507218567251462 0.21962313190383365 0.010964912280701754 0.0198180636777128
0 0.4420687134502924 0.07326185834957764 0.014619883040935672 0.036712150747238464
0 0.3296783625730994 0.024366471734892786 0.017726608187134504 0.03378817413905133
0 0.5888157894736842 0.0638401559454191 0.024305555555555556 0.04158544509421702
0 0.14181286549707603 0.11955815464587394 0.014619883040935672 0.028265107212475632
0 0.649671052631579 0.04174788823911631 0.014619883040935672 0.02631578947368421
0 0.6769919590643275 0.05230669265756985 0.019554093567251463 0.03443794671864847
0 0.36659356725146197 0.19558154645873943 0.023026315789473683 0.043534762833008445
0 0.5726425438596491 0.149772579597141 0.020285087719298246 0.03476283300844704
0 0.6363304093567251 0.9753086419753086 0.02631578947368421 0.04580896686159844
0 0.4755116959064328 0.5667641325536062 0.0266812865497076 0.03931124106562703
0 0.9025950292397661 0.21507472384665366 0.01425438596491228 0.024041585445094216
0 0.7898391812865497 0.8960363872644574 0.019005847953216373 0.03151397011046134
0 0.012701023391812866 0.05149447693307342 0.02266081871345029 0.04223521767381416
0 0.7468932748538012 0.3848278102664068 0.025584795321637425 0.04710851202079272
0 0.7356542397660819 0.8588369070825211 0.024305555555555556 0.044184535412605586
0 0.03289473684210526 0.5198180636777128 0.033808479532163746 0.050357374918778425
0 0.8091191520467836 0.2157244964262508 0.02320906432748538 0.044509421702404156
0 0.5413011695906432 0.7220597790773229 0.012609649122807017 0.022092267706302793
0 0.22998903508771928 0.6083495776478233 0.020833333333333332 0.04061078622482131
0 0.8775584795321637 0.26819363222871995 0.023026315789473683 0.036712150747238464
0 0.9091739766081871 0.6756010396361274 0.016812865497076022 0.028589993502274202
0 0.5235745614035088 0.15058479532163743 0.016264619883040937 0.028589993502274202
0 0.23428362573099415 0.4746588693957115 0.024671052631578948 0.04580896686159844
0 0.17086988304093567 0.4870045484080572 0.022478070175438597 0.04158544509421702
0 0.20723684210526316 0.5862573099415205 0.02138157894736842 0.037037037037037035
0 0.48675073099415206 0.827485380116959 0.02412280701754386 0.04483430799220273
0 0.5044773391812866 0.8221247563352827 0.020285087719298246 0.04028589993502274
0 0.9547697368421053 0.029239766081871343 0.029239766081871343 0.05165692007797271
0 0.5554641812865497 0.8039311241065628 0.03271198830409357 0.057829759584145546
0 0.5665204678362573 0.6682910981156596 0.02722953216374269 0.04905782975958414
0 0.6239035087719298 0.9342105263157895 0.033625730994152045 0.06107862248213125
0 0.7006578947368421 0.8453541260558805 0.01918859649122807 0.03346328784925276
0 0.7416849415204678 0.2686809616634178 0.016264619883040937 0.028265107212475632
0 0.24744152046783627 0.3447043534762833 0.02320906432748538 0.043859649122807015
0 0.43338815789473684 0.28118908382066277 0.018457602339181287 0.03476283300844704
0 0.9431652046783626 0.7264457439896036 0.03764619883040936 0.06920077972709551
0 0.2595029239766082 0.1785250162443145 0.014437134502923976 0.025016244314489927
0 0.082328216374269 0.3060428849902534 0.02942251461988304 0.04873294346978557
0 0.03179824561403509 0.32651072124756336 0.034722222222222224 0.05328135152696556
0 0.7837171052631579 0.2136127355425601 0.010416666666666666 0.025016244314489927
0 0.47797880116959063 0.6697530864197531 0.027777777777777776 0.051332033788174136
0 0.1703216374269006 0.13515269655620532 0.014802631578947368 0.02599090318388564
0 0.36019736842105265 0.8716699155295646 0.03326023391812866 0.05230669265756985
0 0.9606176900584795 0.23310591293047433 0.030153508771929825 0.05523066926575698
0 0.25429459064327486 0.5675763482781027 0.01608187134502924 0.028589993502274202
0 0.21710526315789475 0.541585445094217 0.021747076023391813 0.04061078622482131
0 0.13258406432748537 0.23960363872644574 0.017726608187134504 0.03151397011046134
0 0.4151133040935672 0.294996751137102 0.010782163742690058 0.02664067576348278
0 0.611750730994152 0.1949317738791423 0.01864035087719298 0.03541260558804418
0 0.5892726608187134 0.10152696556205328 0.027595029239766082 0.04223521767381416
0 0.9636330409356725 0.05555555555555555 0.03435672514619883 0.05847953216374269
0 0.8891630116959064 0.22254710851202078 0.019554093567251463 0.036387264457439894
0 0.7735745614035088 0.08869395711500974 0.01425438596491228 0.028914879792072773
0 0.7851790935672515 0.8745938921377517 0.021747076023391813 0.03833658219623132
0 0.5837902046783626 0.9178037686809617 0.019554093567251463 0.03378817413905133
0 0.7139985380116959 0.4158544509421702 0.014437134502923976 0.02664067576348278
0 0.9275402046783626 0.05181936322287199 0.03490497076023392 0.06627680311890838
0 0.5210160818713451 0.4223521767381416 0.015533625730994151 0.030864197530864196
0 0.39318347953216376 0.034600389863547756 0.018092105263157895 0.029889538661468484
0 0.31642909356725146 0.08983105912930474 0.03179824561403509 0.05847953216374269
0 0.6659356725146199 0.31968810916179335 0.013157894736842105 0.02664067576348278
0 0.48675073099415206 0.76819363222872 0.012792397660818713 0.02729044834307992
0 0.709703947368421 0.8689083820662769 0.02138157894736842 0.037037037037037035
0 0.5427631578947368 0.823424301494477 0.023940058479532164 0.03931124106562703
0 0.5483369883040936 0.878167641325536 0.017361111111111112 0.030214424951267055
0 0.45358187134502925 0.935672514619883 0.03252923976608187 0.05912930474333983
0 0.9859283625730995 0.6008771929824561 0.027960526315789474 0.04873294346978557
0 0.511421783625731 0.7891487979207278 0.0133406432748538 0.023066926575698504
0 0.6877741228070176 0.4689733593242365 0.030519005847953216 0.050032488628979854
0 0.5376461988304093 0.35103963612735545 0.01663011695906433 0.028914879792072773
0 0.47341008771929827 0.7274204028589993 0.018092105263157895 0.0341130604288499
0 0.41173245614035087 0.32439896036387267 0.019919590643274854 0.03833658219623132
0 0.5656067251461988 0.10623781676413255 0.020833333333333332 0.03833658219623132
0 0.8184393274853801 0.9813190383365822 0.04258040935672515 0.037361923326835605
0 0.9376827485380117 0.3996101364522417 0.02010233918128655 0.03476283300844704
0 0.26882309941520466 0.6086744639376218 0.025767543859649123 0.044509421702404156
0 0.3524305555555556 0.9494801819363223 0.02412280701754386 0.03248862897985705
0 0.5159904970760234 0.7217348927875243 0.01023391812865497 0.023716699155295645
0 0.2997076023391813 0.40545808966861596 0.015716374269005847 0.03508771929824561
0 0.9053362573099415 0.5531189083820662 0.017909356725146198 0.03216374269005848
0 0.7331871345029239 0.3295971410006498 0.012426900584795321 0.025016244314489927
0 0.59375 0.890675763482781 0.012975146198830409 0.023391812865497075
0 0.9713998538011696 0.29223521767381416 0.027777777777777776 0.04645873944119558
0 0.8778326023391813 0.12118258609486679 0.031067251461988302 0.05555555555555555
0 0.41895102339181284 0.09161793372319688 0.025219298245614034 0.04256010396361273
0 0.84375 0.25016244314489927 0.03179824561403509 0.06400259909031839
0 0.19526681286549707 0.7573099415204678 0.029970760233918127 0.05295646523716699
0 0.008132309941520468 0.9756335282651072 0.016264619883040937 0.04775828460038986
0 0.42598684210526316 0.06773879142300195 0.019371345029239765 0.03216374269005848
0 0.2484466374269006 0.3170890188434048 0.019736842105263157 0.03573749187784275
0 0.42616959064327486 0.021280051981806367 0.016264619883040937 0.03281351526965562
0 0.02768640350877193 0.6479857050032488 0.01608187134502924 0.02664067576348278
0 0.6137609649122807 0.020305393112410655 0.02850877192982456 0.04061078622482131
0 0.6154057017543859 0.09048083170890188 0.014619883040935672 0.02631578947368421
0 0.6631944444444444 0.700454840805718 0.01827485380116959 0.03248862897985705
0 0.10974049707602339 0.5199805068226121 0.021929824561403508 0.03898635477582846
0 0.48930921052631576 0.3128654970760234 0.01663011695906433 0.03378817413905133
0 0.13934576023391812 0.6817738791423001 0.02266081871345029 0.03476283300844704
0 0.8205409356725146 0.3487654320987654 0.01608187134502924 0.029889538661468484
0 0.6531432748538012 0.34405458089668617 0.011878654970760233 0.031189083820662766
0 0.20723684210526316 0.24545159194282 0.017361111111111112 0.038011695906432746
0 0.43622076023391815 0.08528265107212475 0.017726608187134504 0.03281351526965562
0 0.13687865497076024 0.19541910331384016 0.02266081871345029 0.03346328784925276
0 0.07410453216374269 0.5745614035087719 0.027046783625730993 0.043859649122807015
0 0.5257675438596491 0.2269330734243015 0.023026315789473683 0.03866146848602989
0 0.3462171052631579 0.2508122157244964 0.023391812865497075 0.04613385315139701
0 0.6867690058479532 0.9178037686809617 0.022112573099415205 0.04061078622482131
0 0.8408260233918129 0.17641325536062377 0.023574561403508772 0.03898635477582846
0 0.9878472222222222 0.6221572449642625 0.017361111111111112 0.030214424951267055
0 0.5529057017543859 0.6284925276153346 0.01699561403508772 0.030539311241065625
0 0.14126461988304093 0.3856400259909032 0.01699561403508772 0.030214424951267055
0 0.1578033625730994 0.43762183235867447 0.011330409356725146 0.0198180636777128
0 0.344937865497076 0.2769655620532814 0.013706140350877192 0.024691358024691357
0 0.7736659356725146 0.7742040285899935 0.02503654970760234 0.037037037037037035
0 0.3977521929824561 0.3680961663417804 0.012244152046783625 0.021767381416504222
0 0.0911001461988304 0.5937296946068876 0.02631578947368421 0.04645873944119558
0 0.40880847953216376 0.6042884990253411 0.020833333333333332 0.03443794671864847
0 0.6665752923976608 0.3767056530214425 0.018092105263157895 0.031189083820662766
0 0.3359831871345029 0.5229044834307992 0.014802631578947368 0.02664067576348278
0 0.5839729532163743 0.8310591293047433 0.01918859649122807 0.028914879792072773
0 0.23976608187134502 0.7639701104613386 0.021198830409356724 0.03573749187784275
0 0.4024122807017544 0.08820662768031189 0.013157894736842105 0.025341130604288498
0 0.6068165204678363 0.1421377517868746 0.012975146198830409 0.024041585445094216
0 0.6136695906432749 0.806367771280052 0.019554093567251463 0.03866146848602989
0 0.5404788011695907 0.2969460688758934 0.017726608187134504 0.03443794671864847
0 0.36467470760233917 0.13515269655620532 0.017726608187134504 0.03248862897985705
0 0.671235380116959 0.16211825860948667 0.015533625730994151 0.028589993502274202
0 0.307108918128655 0.521117608836907 0.016264619883040937 0.029239766081871343
0 0.39766081871345027 0.957277452891488 0.03508771929824561 0.08154645873944119
0 0.05327119883040936 0.100227420402859 0.02722953216374269 0.04548408057179987
0 0.2738486842105263 0.0440220922677063 0.01644736842105263 0.03996101364522417
0 0.27768640350877194 0.8789798570500325 0.02046783625730994 0.03476283300844704
0 0.7790570175438597 0.5051981806367771 0.030884502923976608 0.04873294346978557
0 0.36641081871345027 0.03931124106562703 0.014802631578947368 0.02664067576348278
0 0.2563048245614035 0.07602339181286549 0.015899122807017545 0.029239766081871343
0 0.6498538011695907 0.2633203378817414 0.01516812865497076 0.028265107212475632
0 0.15232090643274854 0.155458089668616 0.02266081871345029 0.044184535412605586
0 0.508406432748538 0.2761533463287849 0.014437134502923976 0.02794022092267706
0 0.060581140350877194 0.7781026640675763 0.020285087719298246 0.03573749187784275
0 0.86421783625731 0.6967186484730344 0.01827485380116959 0.029564652371669914
0 0.3616593567251462 0.4866796621182586 0.03490497076023392 0.05555555555555555
0 0.7758589181286549 0.8351202079272255 0.015533625730994151 0.02729044834307992
0 0.49122807017543857 0.25471085120207926 0.010416666666666666 0.02761533463287849
0 0.6673062865497076 0.73635477582846 0.0266812865497076 0.056530214424951264
0 0.3560855263157895 0.45191682910981157 0.02046783625730994 0.03476283300844704
0 0.6317616959064327 0.1928200129954516 0.016812865497076022 0.03346328784925276
0 0.6372441520467836 0.08658219623131903 0.02722953216374269 0.050682261208576995
0 0.08881578947368421 0.26478232618583497 0.027046783625730993 0.04905782975958414
0 0.21610014619883042 0.03346328784925276 0.013157894736842105 0.025016244314489927
0 0.6487573099415205 0.15123456790123457 0.023026315789473683 0.04061078622482131
0 0.5828764619883041 0.36744639376218324 0.014619883040935672 0.02664067576348278
0 0.6991045321637427 0.8966861598440545 0.046600877192982455 0.0847953216374269
0 0.7197551169590644 0.7813515269655621 0.015533625730994151 0.029239766081871343
0 0.9488304093567251 0.6062378167641326 0.02448830409356725 0.04028589993502274
0 0.8422880116959064 0.8947368421052632 0.01827485380116959 0.03183885640025991
0 0.24269005847953215 0.27144249512670565 0.011878654970760233 0.022742040285899934
0 0.6584429824561403 0.18892137751786875 0.01608187134502924 0.028265107212475632
0 0.9458150584795322 0.8656595191682911 0.020285087719298246 0.028914879792072773
0 0.39382309941520466 0.31189083820662766 0.011330409356725146 0.024691358024691357
0 0.5704495614035088 0.3797920727745289 0.014985380116959063 0.03216374269005848
0 0.020833333333333332 0.4571150097465887 0.033808479532163746 0.0714749837556855
0 0.2463450292397661 0.353638726445744 0.014619883040935672 0.02761533463287849
0 0.7505482456140351 0.12703053931124106 0.017361111111111112 0.030214424951267055
0 0.5620431286549707 0.6975308641975309 0.02284356725146199 0.037037037037037035
0 0.5480628654970761 0.4199155295646524 0.020285087719298246 0.037686809616634176
0 0.6464729532163743 0.19785575048732942 0.010599415204678362 0.021767381416504222
0 0.40095029239766083 0.2740415854450942 0.015350877192982455 0.02761533463287849
0 0.2583150584795322 0.9728719948018194 0.025950292397660817 0.05295646523716699
0 0.05555555555555555 0.13287849252761533 0.03033625730994152 0.042884990253411304
0 0.06880482456140351 0.7348927875243665 0.024305555555555556 0.03898635477582846
0 0.194718567251462 0.14457439896036386 0.02448830409356725 0.04580896686159844
0 0.33908991228070173 0.5641650422352177 0.02850877192982456 0.04580896686159844
0 0.26133040935672514 0.22530864197530864 0.01882309941520468 0.03313840155945419
0 0.15826023391812866 0.49951267056530213 0.017909356725146198 0.03183885640025991
0 0.7893823099415205 0.5981156595191683 0.03033625730994152 0.050357374918778425
0 0.3514254385964912 0.08398310591293047 0.023391812865497075 0.04061078622482131
0 0.20184576023391812 0.20549057829759584 0.017726608187134504 0.04158544509421702
0 0.7002010233918129 0.3313840155945419 0.012609649122807017 0.021442495126705652
0 0.03225511695906433 0.9746588693957114 0.04751461988304093 0.050682261208576995
0 0.47560307017543857 0.4204028589993502 0.03179824561403509 0.06075373619233268
0 0.22724780701754385 0.30864197530864196 0.03545321637426901 0.06205328135152696
0 0.7391264619883041 0.4723846653671215 0.020650584795321638 0.030864197530864196
0 0.7775950292397661 0.44217024041585445 0.02010233918128655 0.03313840155945419
0 0.4841922514619883 0.5042235217673814 0.020650584795321638 0.048408057179987
0 0.42269736842105265 0.3687459389213775 0.01608187134502924 0.02761533463287849
0 0.6557017543859649 0.38011695906432746 0.013523391812865496 0.028914879792072773
0 0.7936769005847953 0.007472384665367121 0.014802631578947368 0.014944769330734242
0 0.3915387426900585 0.7659194282001299 0.016812865497076022 0.02794022092267706
0 0.3516995614035088 0.7095516569200779 0.02850877192982456 0.04483430799220273
0 0.4071637426900585 0.8146523716699156 0.017726608187134504 0.03281351526965562
0 0.48355263157894735 0.3476283300844704 0.012792397660818713 0.02696556205328135
0 0.5582054093567251 0.145224171539961 0.017178362573099414 0.03151397011046134
0 0.7637061403508771 0.8914879792072774 0.015350877192982455 0.024041585445094216
0 0.5355445906432749 0.33300844704353477 0.01918859649122807 0.03541260558804418
0 0.13898026315789475 0.361598440545809 0.02540204678362573 0.04256010396361273
0 0.6847587719298246 0.008122157244964262 0.019919590643274854 0.016244314489928524
0 0.7552083333333334 0.6976933073424302 0.014985380116959063 0.024691358024691357
0 0.7339181286549707 0.6975308641975309 0.015716374269005847 0.02696556205328135
0 0.005482456140350877 0.016244314489928524 0.010964912280701754 0.03216374269005848
0 0.49954312865497075 0.7662443144899286 0.01425438596491228 0.028265107212475632
0 0.90140716374269 0.8955490578297596 0.03326023391812866 0.05458089668615984
0 0.811860380116959 0.7076023391812866 0.025584795321637425 0.03833658219623132
0 0.7184758771929824 0.9085445094217024 0.015716374269005847 0.02696556205328135
0 0.544499269005848 0.10282651072124756 0.010599415204678362 0.018843404808317088
0 0.04623538011695907 0.7655945419103314 0.022478070175438597 0.03281351526965562
0 0.4185855263157895 0.04645873944119558 0.017726608187134504 0.038011695906432746
0 0.3357090643274854 0.4770955165692008 0.018457602339181287 0.03183885640025991
0 0.29203216374269003 0.10526315789473684 0.02631578947368421 0.048408057179987
0 0.7574013157894737 0.6678037686809617 0.03618421052631579 0.06075373619233268
0 0.03399122807017544 0.9590643274853801 0.025584795321637425 0.037037037037037035
0 0.2389437134502924 0.09811565951916829 0.0133406432748538 0.030214424951267055
0 0.4769736842105263 0.7547108512020793 0.012244152046783625 0.02079272254710851
0 0.2010233918128655 0.08057179987004548 0.026498538011695907 0.051332033788174136
0 0.5806834795321637 0.04158544509421702 0.015350877192982455 0.028914879792072773
0 0.6482090643274854 0.2839506172839506 0.021929824561403508 0.029564652371669914
0 0.8714364035087719 0.627517868745939 0.01918859649122807 0.03833658219623132
0 0.7677266081871345 0.22157244964262507 0.013706140350877192 0.025341130604288498
0 0.821546052631579 0.952729044834308 0.028143274853801168 0.04158544509421702
0 0.766264619883041 0.6291423001949318 0.017543859649122806 0.03183885640025991
0 0.17260599415204678 0.3754061078622482 0.01425438596491228 0.023391812865497075
0 0.34228801169590645 0.10688758934372969 0.015716374269005847 0.03313840155945419
0 0.421875 0.780214424951267 0.012426900584795321 0.022417153996101363
0 0.23985745614035087 0.44964262508122155 0.012244152046783625 0.02014294996751137
0 0.7963267543859649 0.42121507472384667 0.012975146198830409 0.023066926575698504
0 0.49625365497076024 0.8034437946718649 0.013888888888888888 0.02729044834307992
0 0.4989948830409357 0.14782326185834957 0.022478070175438597 0.038011695906432746
0 0.18192616959064328 0.043534762833008445 0.02540204678362573 0.05230669265756985
0 0.3670504385964912 0.29905782975958417 0.009868421052631578 0.02079272254710851
0 0.4037828947368421 0.44103313840155944 0.03234649122807018 0.057504873294346975
0 0.48711622807017546 0.025828460038986353 0.035818713450292396 0.05165692007797271
0 0.36641081871345027 0.019330734243014944 0.01206140350877193 0.025016244314489927
0 0.44471856725146197 0.5747238466536713 0.022112573099415205 0.04808317089018843
0 0.9694809941520468 0.11419753086419752 0.02722953216374269 0.04645873944119558
0 0.4308296783625731 0.588856400259909 0.02412280701754386 0.04223521767381416
0 0.339546783625731 0.43128654970760233 0.021564327485380116 0.037686809616634176
0 0.5971308479532164 0.07862248213125406 0.017726608187134504 0.030864197530864196
0 0.20760233918128654 0.4304743339831059 0.022112573099415205 0.04028589993502274
0 0.6862207602339181 0.021929824561403508 0.014071637426900584 0.02599090318388564
0 0.6049890350877193 0.6921702404158544 0.017178362573099414 0.030539311241065625
0 0.8939144736842105 0.6733268356075374 0.027960526315789474 0.04613385315139701
0 0.5584795321637427 0.08154645873944119 0.023026315789473683 0.04126055880441845
0 0.5081323099415205 0.9160168940870695 0.022478070175438597 0.04093567251461988
0 0.3175255847953216 0.10802469135802469 0.014071637426900584 0.024366471734892786
0 0.7431469298245614 0.11143599740090968 0.014071637426900584 0.023066926575698504
0 0.6345029239766082 0.38823911630929175 0.015899122807017545 0.02794022092267706
0 0.7671783625730995 0.3853151397011046 0.019554093567251463 0.03866146848602989
0 0.628015350877193 0.9912280701754386 0.023757309941520467 0.017543859649122806
0 0.21281067251461988 0.7464262508122157 0.031980994152046784 0.06205328135152696
0 0.6278326023391813 0.7815139701104613 0.015350877192982455 0.028265107212475632
0 0.3580043859649123 0.03102664067576348 0.011878654970760233 0.02046783625730994
0 0.28499634502923976 0.6140350877192983 0.02138157894736842 0.037686809616634176
0 0.1667580409356725 0.021442495126705652 0.019919590643274854 0.030864197530864196
0 0.5473318713450293 0.7512995451591943 0.015899122807017545 0.02599090318388564
0 0.43165204678362573 0.711825860948668 0.01663011695906433 0.029239766081871343
0 0.1766264619883041 0.0550682261208577 0.01827485380116959 0.03476283300844704
0 0.29486476608187134 0.7543859649122807 0.01516812865497076 0.02761533463287849
0 0.3620248538011696 0.7436647173489279 0.018457602339181287 0.03898635477582846
0 0.9597953216374269 0.7719298245614035 0.030884502923976608 0.05588044184535412
0 0.6638340643274854 0.9431448992852501 0.0266812865497076 0.04548408057179987
0 0.4704861111111111 0.21296296296296297 0.021929824561403508 0.03833658219623132
0 0.4975328947368421 0.47319688109161795 0.012609649122807017 0.022092267706302793
0 0.23135964912280702 0.25389863547758285 0.017726608187134504 0.03281351526965562
0 0.6271929824561403 0.8117283950617284 0.020833333333333332 0.03898635477582846
0 0.71875 0.4296621182586095 0.01516812865497076 0.02761533463287849
0 0.4756944444444444 0.27680311890838205 0.012244152046783625 0.024366471734892786
0 0.5273209064327485 0.29808317089018843 0.018457602339181287 0.03313840155945419
0 0.5364583333333334 0.15269655620532813 0.02138157894736842 0.04158544509421702
0 0.7249634502923976 0.03232618583495776 0.012975146198830409 0.023066926575698504
0 0.24223318713450293 0.2936972059779077 0.01699561403508772 0.03216374269005848
0 0.33790204678362573 0.6229694606887589 0.01864035087719298 0.03443794671864847
0 0.6211622807017544 0.8321962313190383 0.021564327485380116 0.03833658219623132
0 0.2902960526315789 0.4876543209876543 0.020833333333333332 0.0341130604288499
0 0.3989400584795322 0.3263482781026641 0.013523391812865496 0.024041585445094216
0 0.3538011695906433 0.6754385964912281 0.02010233918128655 0.03443794671864847
0 0.4291849415204678 0.35607537361923325 0.01663011695906433 0.030214424951267055
0 0.7775036549707602 0.7093892137751787 0.03070175438596491 0.05328135152696556
0 0.2965095029239766 0.5782975958414555 0.03508771929824561 0.06205328135152696
0 0.11275584795321637 0.38255360623781676 0.021747076023391813 0.043209876543209874
0 0.35791301169590645 0.012833008447043534 0.019005847953216373 0.025666016894087068
0 0.4336622807017544 0.4702729044834308 0.02138157894736842 0.03898635477582846
0 0.9221491228070176 0.6517218973359324 0.019554093567251463 0.03346328784925276
0 0.7709247076023392 0.059616634178037684 0.02046783625730994 0.04093567251461988
0 0.5116959064327485 0.29922027290448344 0.022478070175438597 0.044184535412605586
0 0.6477521929824561 0.30653021442495126 0.01827485380116959 0.03378817413905133
0 0.7258771929824561 0.15805717998700455 0.011695906432748537 0.023716699155295645
0 0.9840095029239766 0.9067576348278102 0.03179824561403509 0.08382066276803118
0 0.7766812865497076 0.012670565302144249 0.01699561403508772 0.025341130604288498
0 0.8689692982456141 0.19769330734243015 0.016812865497076022 0.030864197530864196
0 0.02183845029239766 0.6280051981806368 0.021564327485380116 0.0341130604288499
0 0.5842470760233918 0.10087719298245613 0.01608187134502924 0.030864197530864196
0 0.3393640350877193 0.33430799220272905 0.011695906432748537 0.022742040285899934
0 0.19480994152046785 0.22417153996101363 0.01882309941520468 0.036062378167641324
0 0.1286549707602339 0.9566276803118908 0.02448830409356725 0.03216374269005848
0 0.7307200292397661 0.4338856400259909 0.019919590643274854 0.037361923326835605
0 0.6067251461988304 0.290448343079922 0.014802631578947368 0.028914879792072773
0 0.19462719298245615 0.9567901234567902 0.014619883040935672 0.031189083820662766
0 0.18823099415204678 0.18697205977907733 0.024853801169590642 0.04905782975958414
0 0.8367141812865497 0.8130279402209227 0.03453947368421053 0.0594541910331384
0 0.7680921052631579 0.6096491228070176 0.016264619883040937 0.028265107212475632
0 0.9770650584795322 0.26364522417153996 0.015899122807017545 0.028589993502274202
0 0.5077668128654971 0.6489603638726446 0.012244152046783625 0.0198180636777128
0 0.9869334795321637 0.76364522417154 0.026133040935672515 0.06627680311890838
0 0.8189875730994152 0.6889213775178687 0.018092105263157895 0.03313840155945419
0 0.6724232456140351 0.1354775828460039 0.01882309941520468 0.03866146848602989
0 0.7341922514619883 0.5592917478882391 0.01644736842105263 0.02696556205328135
0 0.8884320175438597 0.6202079272254711 0.02266081871345029 0.037361923326835605
0 0.8539839181286549 0.6301169590643275 0.018092105263157895 0.030864197530864196
0 0.3717105263157895 0.5916179337231969 0.020833333333333332 0.0341130604288499
0 0.1522295321637427 0.2412280701754386 0.018457602339181287 0.037361923326835605
0 0.48501461988304095 0.2631578947368421 0.011878654970760233 0.021767381416504222
0 0.05016447368421053 0.7214100064977258 0.02320906432748538 0.038011695906432746
0 0.1695906432748538 0.8050682261208577 0.03508771929824561 0.04808317089018843
0 0.8087536549707602 0.5994152046783626 0.019919590643274854 0.0396361273554256
0 0.21737938596491227 0.32326185834957766 0.01663011695906433 0.029564652371669914
0 0.3205409356725146 0.2223846653671215 0.01608187134502924 0.03476283300844704
0 0.3058296783625731 0.4933398310591293 0.013706140350877192 0.02631578947368421
0 0.7140899122807017 0.5992527615334633 0.013523391812865496 0.025016244314489927
0 0.005208333333333333 0.4182910981156595 0.010416666666666666 0.03833658219623132
0 0.9601608187134503 0.26900584795321636 0.019736842105263157 0.03508771929824561
0 0.2015716374269006 0.16910331384015595 0.020285087719298246 0.04093567251461988
0 0.8307748538011696 0.3148148148148148 0.015716374269005847 0.028265107212475632
0 0.7459795321637427 0.5320012995451592 0.03179824561403509 0.050357374918778425
0 0.02540204678362573 0.5401234567901234 0.025767543859649123 0.03476283300844704
0 0.9802631578947368 0.02046783625730994 0.03673245614035088 0.04093567251461988
0 0.4774305555555556 0.021767381416504222 0.01827485380116959 0.03866146848602989
0 0.9632675438596491 0.6829109811565952 0.026133040935672515 0.0451591942820013
0 0.3932748538011696 0.4494801819363223 0.011878654970760233 0.02696556205328135
0 0.23519736842105263 0.3487654320987654 0.014437134502923976 0.030864197530864196
0 0.6147660818713451 0.05539311241065627 0.018457602339181287 0.03378817413905133
0 0.8559941520467836 0.6814489928525016 0.024671052631578948 0.037037037037037035
0 0.4299159356725146 0.556367771280052 0.018457602339181287 0.029564652371669914
0 0.4066154970760234 0.7777777777777778 0.022478070175438597 0.04613385315139701
0 0.9136513157894737 0.9831059129304743 0.027412280701754384 0.03378817413905133
0 0.5148026315789473 0.07293697205977907 0.017543859649122806 0.03281351526965562
0 0.7571271929824561 0.014132553606237816 0.019554093567251463 0.028265107212475632
0 0.2507309941520468 0.11712150747238466 0.012244152046783625 0.02079272254710851
0 0.7657163742690059 0.42024041585445093 0.025950292397660817 0.04061078622482131
0 0.2208516081871345 0.2599090318388564 0.016812865497076022 0.0341130604288499
0 0.56734283625731 0.3219623131903834 0.02266081871345029 0.042884990253411304
0 0.7925804093567251 0.13531513970110462 0.021747076023391813 0.04093567251461988
0 0.6624634502923976 0.27794022092267706 0.01114766081871345 0.022092267706302793
0 0.37180190058479534 0.3966861598440546 0.010051169590643274 0.01949317738791423
0 0.5122441520467836 0.012508122157244964 0.015533625730994151 0.025016244314489927
0 0.748172514619883 0.04467186484730344 0.013523391812865496 0.02599090318388564
0 0.4317434210526316 0.20532813515269654 0.01663011695906433 0.02794022092267706
0 0.7362938596491229 0.5750487329434698 0.01516812865497076 0.025016244314489927
0 0.4440789473684211 0.44590643274853803 0.02138157894736842 0.044184535412605586
0 0.3475877192982456 0.5060103963612735 0.023574561403508772 0.03866146848602989
0 0.5214729532163743 0.9218648473034438 0.01608187134502924 0.037361923326835605
0 0.21619152046783627 0.6398635477582846 0.03929093567251462 0.06562703053931124
0 0.9034173976608187 0.5190058479532164 0.036366959064327485 0.05847953216374269
0 0.6807383040935673 0.3313840155945419 0.016812865497076022 0.03346328784925276
0 0.3940972222222222 0.21783625730994152 0.012609649122807017 0.030539311241065625
0 0.908625730994152 0.12979207277452892 0.030519005847953216 0.05588044184535412
0 0.7081505847953217 0.2667316439246264 0.012975146198830409 0.024691358024691357
0 0.6794590643274854 0.17576348278102663 0.02010233918128655 0.03833658219623132
0 0.24342105263157895 0.406595191682911 0.022112573099415205 0.043209876543209874
0 0.20614035087719298 0.12150747238466536 0.015716374269005847 0.03248862897985705
0 0.596125730994152 0.017868745938921377 0.01425438596491228 0.03313840155945419
0 0.4718567251461988 0.31026640675763484 0.026133040935672515 0.043534762833008445
0 0.7370248538011696 0.4563027940220923 0.012426900584795321 0.022742040285899934
0 0.653234649122807 0.17235217673814165 0.014802631578947368 0.024041585445094216
0 0.17452485380116958 0.24366471734892786 0.01644736842105263 0.03898635477582846
0 0.6173245614035088 0.33219623131903836 0.03125 0.05523066926575698
0 0.3058296783625731 0.4236517218973359 0.015716374269005847 0.024041585445094216
0 0.55765716374269 0.2103638726445744 0.024305555555555556 0.04710851202079272
0 0.4144736842105263 0.16926575698505522 0.012609649122807017 0.021442495126705652
0 0.9841008771929824 0.15984405458089668 0.031432748538011694 0.0594541910331384
0 0.15880847953216373 0.6507472384665367 0.01206140350877193 0.0198180636777128
0 0.7198464912280702 0.17868745938921377 0.01699561403508772 0.025666016894087068
0 0.46235380116959063 0.2863872644574399 0.013523391812865496 0.02729044834307992
0 0.4152960526315789 0.2667316439246264 0.013523391812865496 0.02631578947368421
0 0.9426169590643275 0.10136452241715399 0.017543859649122806 0.03216374269005848
0 0.04047880116959064 0.2794022092267706 0.023574561403508772 0.043209876543209874
0 0.7198464912280702 0.3599740090968161 0.017909356725146198 0.030539311241065625
0 0.29541301169590645 0.17787524366471735 0.015716374269005847 0.028914879792072773
0 0.3402777777777778 0.5425601039636128 0.01918859649122807 0.030864197530864196
0 0.7966922514619883 0.5194931773879142 0.019554093567251463 0.0396361273554256
0 0.8162463450292398 0.30782975958414555 0.025767543859649123 0.04710851202079272
0 0.6281067251461988 0.36744639376218324 0.014619883040935672 0.028265107212475632
0 0.4703033625730994 0.50909681611436 0.01882309941520468 0.037361923326835605
0 0.8426535087719298 0.4142300194931774 0.03307748538011696 0.05198180636777128
0 0.8337902046783626 0.5947043534762833 0.027595029239766082 0.04613385315139701
0 0.12417763157894737 0.8776803118908382 0.03271198830409357 0.049707602339181284
0 0.611202485380117 0.028914879792072773 0.01663011695906433 0.03248862897985705
0 0.3546235380116959 0.6356400259909032 0.026133040935672515 0.04775828460038986
0 0.3685124269005848 0.25097465886939574 0.010416666666666666 0.023391812865497075
0 0.7933114035087719 0.5430474333983106 0.019371345029239765 0.03346328784925276
0 0.44992690058479534 0.8372319688109162 0.037463450292397664 0.06335282651072124
0 0.8449378654970761 0.6708901884340481 0.02320906432748538 0.03866146848602989
0 0.24707602339181287 0.09291747888239116 0.015899122807017545 0.03216374269005848
0 0.4058845029239766 0.11062378167641325 0.01516812865497076 0.028265107212475632
0 0.12417763157894737 0.10168940870695256 0.014437134502923976 0.024691358024691357
0 0.7835343567251462 0.34779077322936974 0.017543859649122806 0.03183885640025991
0 0.7759502923976608 0.20337881741390512 0.015533625730994151 0.028914879792072773
0 0.5350877192982456 0.12296946068875893 0.014437134502923976 0.030539311241065625
0 0.6986476608187134 0.9592267706302794 0.023391812865497075 0.03313840155945419
0 0.8675073099415205 0.9813190383365822 0.038559941520467836 0.037361923326835605
0 0.3441154970760234 0.16699155295646523 0.021198830409356724 0.03476283300844704
0 0.4139254385964912 0.39165042235217673 0.012975146198830409 0.028265107212475632
0 0.40789473684210525 0.7092267706302794 0.023391812865497075 0.04061078622482131
0 0.8811220760233918 0.018193632228719947 0.03673245614035088 0.036387264457439894
0 0.47341008771929827 0.4723846653671215 0.02887426900584795 0.051007147498375566
0 0.31432748538011696 0.019005847953216373 0.024305555555555556 0.037686809616634176
0 0.2526498538011696 0.03654970760233918 0.024305555555555556 0.044509421702404156
0 0.39226973684210525 0.7794022092267706 0.02010233918128655 0.04093567251461988
0 0.007949561403508772 0.08349577647823261 0.015716374269005847 0.042884990253411304
0 0.2951388888888889 0.03346328784925276 0.01206140350877193 0.02729044834307992
0 0.2959612573099415 0.6346653671215075 0.025584795321637425 0.050032488628979854
0 0.25411184210526316 0.14132553606237816 0.024853801169590642 0.03833658219623132
0 0.26745248538011696 0.36371020142949967 0.011330409356725146 0.023066926575698504
0 0.49022295321637427 0.7105263157894737 0.020833333333333332 0.04483430799220273
0 0.8044590643274854 0.3589993502274204 0.01663011695906433 0.030539311241065625
0 0.5575657894736842 0.4121182586094867 0.013888888888888888 0.02761533463287849
0 0.5687134502923976 0.2854126055880442 0.014619883040935672 0.028914879792072773
0 0.6090095029239766 0.27599090318388564 0.024853801169590642 0.044184535412605586
0 0.9077119883040936 0.2729044834307992 0.027960526315789474 0.050032488628979854
0 0.5516264619883041 0.5953541260558805 0.02722953216374269 0.04873294346978557
0 0.30948464912280704 0.1288174139051332 0.014619883040935672 0.025016244314489927
0 0.28746345029239767 0.3304093567251462 0.01699561403508772 0.03151397011046134
0 0.912828947368421 0.563190383365822 0.02101608187134503 0.036712150747238464
0 0.7249634502923976 0.12296946068875893 0.02284356725146199 0.04028589993502274
0 0.83890716374269 0.33885640025990904 0.014071637426900584 0.02794022092267706
0 0.3074744152046784 0.2745289148797921 0.014985380116959063 0.029564652371669914
0 0.43567251461988304 0.11387264457439895 0.019554093567251463 0.03573749187784275
0 0.6752558479532164 0.3107537361923327 0.01827485380116959 0.03541260558804418
0 0.6468384502923976 0.11744639376218323 0.022478070175438597 0.043859649122807015
0 0.16867690058479531 0.9114684860298895 0.02905701754385965 0.04028589993502274
0 0.28536184210526316 0.2555230669265757 0.01918859649122807 0.036712150747238464
0 0.7574013157894737 0.36712150747238464 0.012244152046783625 0.02111760883690708
0 0.8720760233918129 0.361598440545809 0.030884502923976608 0.05328135152696556
0 0.5579312865497076 0.02664067576348278 0.026498538011695907 0.05165692007797271
0 0.6074561403508771 0.27144249512670565 0.017909356725146198 0.029564652371669914
0 0.09457236842105263 0.39148797920727746 0.018092105263157895 0.031189083820662766
0 0.14775219298245615 0.6661793372319688 0.020650584795321638 0.03833658219623132
0 0.6972770467836257 0.3473034437946719 0.012975146198830409 0.024041585445094216
0 0.6811951754385965 0.23716699155295645 0.011695906432748537 0.02111760883690708
0 0.45495248538011696 0.9772579597141 0.03435672514619883 0.0451591942820013
0 0.06871345029239766 0.08625730994152046 0.019371345029239765 0.030214424951267055
0 0.45842470760233917 0.20857699805068225 0.011695906432748537 0.025016244314489927
0 0.8202668128654971 0.5069850552306693 0.022112573099415205 0.036062378167641324
0 0.05455043859649123 0.4615009746588694 0.02887426900584795 0.04613385315139701
0 0.5456871345029239 0.31026640675763484 0.01114766081871345 0.024366471734892786
0 0.4670138888888889 0.1739766081871345 0.03070175438596491 0.05360623781676413
0 0.11522295321637427 0.009421702404158544 0.0222953216374269 0.018843404808317088
0 0.5870796783625731 0.9551656920077972 0.02138157894736842 0.037361923326835605
0 0.6570723684210527 0.31871345029239767 0.012792397660818713 0.028265107212475632
0 0.39354897660818716 0.9907407407407407 0.03033625730994152 0.018518518518518517
0 0.3721673976608187 0.42706302794022094 0.015350877192982455 0.028589993502274202
0 0.2208516081871345 0.024691358024691357 0.011878654970760233 0.02729044834307992
0 0.8276681286549707 0.15480831708901885 0.036915204678362575 0.0682261208576998
0 0.6820175438596491 0.21312540610786224 0.012244152046783625 0.023716699155295645
0 0.22843567251461988 0.5404483430799221 0.019554093567251463 0.03898635477582846
0 0.9364948830409356 0.2805393112410656 0.03344298245614035 0.056855100714749834
0 0.5910087719298246 0.37264457439896037 0.01206140350877193 0.021442495126705652
0 0.6186038011695907 0.2982456140350877 0.018092105263157895 0.03216374269005848
0 0.4680190058479532 0.42218973359324236 0.017178362573099414 0.03313840155945419
0 0.12755847953216373 0.08170890188434048 0.01882309941520468 0.037037037037037035
0 0.8394554093567251 0.2071150097465887 0.030519005847953216 0.04548408057179987
0 0.29194078947368424 0.04857050032488629 0.012244152046783625 0.025016244314489927
0 0.7291666666666666 0.22514619883040934 0.015899122807017545 0.030214424951267055
0 0.8968384502923976 0.2716049382716049 0.024305555555555556 0.04580896686159844
0 0.5642361111111112 0.3088044184535413 0.012975146198830409 0.02794022092267706
0 0.9269919590643275 0.692495126705653 0.018092105263157895 0.03313840155945419
0 0.30628654970760233 0.6374269005847953 0.015716374269005847 0.03281351526965562
0 0.4076206140350877 0.2966211825860949 0.009868421052631578 0.0198180636777128
0 0.0356359649122807 0.6273554256010396 0.02266081871345029 0.029889538661468484
0 0.7800621345029239 0.2387914230019493 0.017909356725146198 0.03346328784925276
0 0.72359283625731 0.014944769330734242 0.020650584795321638 0.029889538661468484
0 0.3130482456140351 0.16228070175438597 0.01608187134502924 0.030539311241065625
0 0.5587536549707602 0.2751786874593892 0.015716374269005847 0.029889538661468484
0 0.22852704678362573 0.5183560753736193 0.021929824561403508 0.04061078622482131
0 0.7503654970760234 0.8266731643924626 0.03216374269005848 0.04743339831059129
0 0.9503837719298246 0.7899610136452242 0.023574561403508772 0.03931124106562703
0 0.2233187134502924 0.3654970760233918 0.011330409356725146 0.023391812865497075
0 0.1699561403508772 0.34372969460688757 0.017909356725146198 0.031189083820662766
0 0.0222953216374269 0.4722222222222222 0.027046783625730993 0.04580896686159844
0 0.5184576023391813 0.33235867446393763 0.027412280701754384 0.049707602339181284
0 0.5954861111111112 0.35428849902534115 0.012244152046783625 0.022417153996101363
0 0.5597587719298246 0.18291098115659518 0.020285087719298246 0.036387264457439894
0 0.6738852339181286 0.3460038986354776 0.016812865497076022 0.029889538661468484
0 0.7993421052631579 0.9124431448992852 0.021198830409356724 0.037361923326835605
0 0.7633406432748538 0.46539961013645226 0.012792397660818713 0.022742040285899934
0 0.5063048245614035 0.5787849252761533 0.008954678362573099 0.02111760883690708
0 0.02722953216374269 0.07358674463937621 0.02010233918128655 0.03476283300844704
0 0.9384137426900585 0.6476608187134503 0.020650584795321638 0.030864197530864196
0 0.7495431286549707 0.6312540610786225 0.02887426900584795 0.04808317089018843
0 0.7711988304093568 0.4722222222222222 0.01864035087719298 0.037686809616634176
0 0.8964729532163743 0.030214424951267055 0.01608187134502924 0.02664067576348278
0 0.7113486842105263 0.3060428849902534 0.01114766081871345 0.02046783625730994
0 0.6808296783625731 0.4337231968810916 0.02887426900584795 0.05425601039636127
0 0.5815058479532164 0.01608187134502924 0.02850877192982456 0.03216374269005848
0 0.9271747076023392 0.6270305393112411 0.02942251461988304 0.04743339831059129
0 0.11101973684210527 0.02599090318388564 0.014802631578947368 0.030214424951267055
0 0.5786732456140351 0.6483105912930475 0.011878654970760233 0.023716699155295645
0 0.9731359649122807 0.17592592592592593 0.01516812865497076 0.02631578947368421
0 0.7971491228070176 0.3403183885640026 0.017726608187134504 0.03378817413905133
0 0.6590826023391813 0.35233918128654973 0.010964912280701754 0.023716699155295645
0 0.7394919590643275 0.827485380116959 0.021747076023391813 0.04028589993502274
0 0.673702485380117 0.4485055230669266 0.018092105263157895 0.04223521767381416
0 0.8152412280701754 0.3373944119558155 0.01206140350877193 0.021767381416504222
0 0.6782711988304093 0.3680961663417804 0.013888888888888888 0.02761533463287849
0 0.6225328947368421 0.8203378817413906 0.034173976608187134 0.0627030539311241
0 0.9724049707602339 0.8373944119558154 0.030884502923976608 0.05523066926575698
0 0.30875365497076024 0.14701104613385316 0.01663011695906433 0.029564652371669914
0 0.6130299707602339 0.2435022742040286 0.012244152046783625 0.024691358024691357
0 0.7748538011695907 0.050032488628979854 0.034173976608187134 0.0649772579597141
0 0.1341374269005848 0.32878492527615333 0.020285087719298246 0.03248862897985705
0 0.5262244152046783 0.40139701104613384 0.015350877192982455 0.030539311241065625
0 0.4932383040935672 0.9418453541260559 0.020833333333333332 0.037037037037037035
0 0.8165204678362573 0.4844054580896686 0.02448830409356725 0.037361923326835605
0 0.7036732456140351 0.9269005847953217 0.023026315789473683 0.03866146848602989
0 0.6133040935672515 0.3469785575048733 0.013157894736842105 0.025016244314489927
0 0.006487573099415204 0.11744639376218323 0.012975146198830409 0.04678362573099415
0 0.685672514619883 0.7928849902534113 0.01882309941520468 0.03313840155945419
0 0.9793494152046783 0.09275503573749187 0.017726608187134504 0.030864197530864196
0 0.8019919590643275 0.05555555555555555 0.016812865497076022 0.029239766081871343
0 0.6904239766081871 0.043209876543209874 0.010599415204678362 0.022742040285899934
0 0.31332236842105265 0.22108512020792723 0.029605263157894735 0.04158544509421702
0 0.7407711988304093 0.36306042884990253 0.01699561403508772 0.03378817413905133
0 0.17543859649122806 0.3258609486679662 0.016812865497076022 0.03508771929824561
0 0.20148026315789475 0.11484730344379467 0.023757309941520467 0.04256010396361273
0 0.7336440058479532 0.010396361273554255 0.012792397660818713 0.02046783625730994
0 0.36641081871345027 0.8765432098765432 0.020650584795321638 0.04093567251461988
0 0.28554459064327486 0.9670240415854451 0.019736842105263157 0.029889538661468484
0 0.13084795321637427 0.602501624431449 0.02540204678362573 0.03866146848602989
0 0.777046783625731 0.32975958414554907 0.01864035087719298 0.03378817413905133
0 0.4925073099415205 0.5618908382066277 0.01114766081871345 0.02014294996751137
0 0.8218201754385965 0.2820012995451592 0.0266812865497076 0.050357374918778425
0 0.5455043859649122 0.6356400259909032 0.012792397660818713 0.025341130604288498
0 0.6509502923976608 0.2985705003248863 0.02905701754385965 0.05588044184535412
0 0.28207236842105265 0.32212475633528265 0.030153508771929825 0.051332033788174136
0 0.924250730994152 0.4727095516569201 0.017909356725146198 0.030214424951267055
0 0.7018457602339181 0.03817413905133203 0.012975146198830409 0.02664067576348278
0 0.23766447368421054 0.32894736842105265 0.014071637426900584 0.02599090318388564
0 0.3079312865497076 0.04678362573099415 0.017543859649122806 0.037361923326835605
0 0.9401498538011696 0.2839506172839506 0.020285087719298246 0.037361923326835605
0 0.48428362573099415 0.3255360623781676 0.01114766081871345 0.024041585445094216
0 0.5745614035087719 0.26169590643274854 0.017178362573099414 0.03281351526965562
0 0.0062134502923976605 0.0396361273554256 0.012426900584795321 0.03541260558804418
0 0.8340643274853801 0.03589993502274204 0.019736842105263157 0.03541260558804418
0 0.11211622807017543 0.44915529564652373 0.02010233918128655 0.036387264457439894
0 0.4357638888888889 0.13125406107862247 0.017178362573099414 0.02696556205328135
0 0.8221856725146199 0.05425601039636127 0.01644736842105263 0.029564652371669914
0 0.29714912280701755 0.6757634827810266 0.017909356725146198 0.030214424951267055
0 0.5721856725146199 0.7137751786874594 0.019554093567251463 0.0341130604288499
0 0.3221856725146199 0.13044184535412606 0.014437134502923976 0.028589993502274202
0 0.8849597953216374 0.29385964912280704 0.021747076023391813 0.037361923326835605
0 0.5279605263157895 0.018843404808317088 0.021747076023391813 0.037686809616634176
0 0.9285453216374269 0.5116959064327485 0.021198830409356724 0.036712150747238464
0 0.7551169590643275 0.10575048732943469 0.015716374269005847 0.028589993502274202
0 0.13788377192982457 0.22660818713450293 0.02448830409356725 0.04905782975958414
0 0.4624451754385965 0.10656270305393112 0.011878654970760233 0.02696556205328135
0 0.8373538011695907 0.5430474333983106 0.02503654970760234 0.04775828460038986
0 0.3541666666666667 0.11484730344379467 0.02010233918128655 0.037037037037037035
0 0.4236111111111111 0.38937621832358676 0.016264619883040937 0.029564652371669914
0 0.8285818713450293 0.20581546458739441 0.013523391812865496 0.02696556205328135
0 0.7261513157894737 0.13385315139701104 0.013888888888888888 0.02631578947368421
0 0.7463450292397661 0.07586094866796621 0.0266812865497076 0.050032488628979854
0 0.7276133040935673 0.5391487979207278 0.014985380116959063 0.029564652371669914
0 0.29194078947368424 0.2113385315139701 0.01516812865497076 0.02794022092267706
0 0.3058296783625731 0.4844054580896686 0.019005847953216373 0.04061078622482131
0 0.9315606725146199 0.11565951916829109 0.016264619883040937 0.028265107212475632
0 0.856999269005848 0.49415204678362573 0.020650584795321638 0.0341130604288499
0 0.07063230994152046 0.757959714100065 0.016264619883040937 0.028589993502274202
0 0.363578216374269 0.08723196881091617 0.014437134502923976 0.037686809616634176
0 0.6304824561403509 0.3183885640025991 0.015716374269005847 0.03313840155945419
0 0.7472587719298246 0.30458089668615984 0.014985380116959063 0.02079272254710851
0 0.07227704678362573 0.9896036387264457 0.03764619883040936 0.02079272254710851
0 0.5466008771929824 0.09194282001299545 0.009502923976608187 0.015919428200129954
0 0.5148026315789473 0.24545159194282 0.012426900584795321 0.025016244314489927
0 0.30701754385964913 0.20012995451591942 0.015350877192982455 0.028914879792072773
0 0.33278508771929827 0.9176413255360624 0.012609649122807017 0.023716699155295645
0 0.48163377192982454 0.25 0.01114766081871345 0.023391812865497075
0 0.29139254385964913 0.7930474333983106 0.02138157894736842 0.037686809616634176
0 0.30116959064327486 0.2189733593242365 0.016264619883040937 0.03281351526965562
0 0.3063779239766082 0.5633528265107213 0.01516812865497076 0.02599090318388564
0 0.7891081871345029 0.8287849252761533 0.017178362573099414 0.028914879792072773
0 0.9297331871345029 0.9801819363222872 0.025219298245614034 0.03866146848602989
0 0.4968932748538012 0.4085445094217024 0.01608187134502924 0.02729044834307992
0 0.22514619883040934 0.3359324236517219 0.014619883040935672 0.02664067576348278
0 0.22807017543859648 0.35233918128654973 0.012609649122807017 0.02046783625730994
0 0.7821637426900585 0.11484730344379467 0.012792397660818713 0.02599090318388564
0 0.26133040935672514 0.058154645873944116 0.019005847953216373 0.03183885640025991
0 0.31414473684210525 0.24139051332033787 0.015350877192982455 0.024041585445094216
0 0.9585160818713451 0.8239116309291747 0.02046783625730994 0.03508771929824561
0 0.6247258771929824 0.37280701754385964 0.025219298245614034 0.043209876543209874
0 0.4072551169590643 0.23635477582846004 0.02850877192982456 0.04775828460038986
0 0.24561403508771928 0.08414554905782975 0.02046783625730994 0.05263157894736842
0 0.7477156432748538 0.3864522417153996 0.018092105263157895 0.02794022092267706
0 0.14638157894736842 0.005847953216374269 0.025767543859649123 0.011695906432748537
0 0.9604349415204678 0.08284600389863547 0.023391812865497075 0.04191033138401559
0 0.28517909356725146 0.645224171539961 0.012975146198830409 0.025016244314489927
0 0.9448099415204678 0.42024041585445093 0.023026315789473683 0.037037037037037035
0 0.5227521929824561 0.13044184535412606 0.015533625730994151 0.02761533463287849
0 0.24433479532163743 0.36955815464587394 0.01206140350877193 0.022742040285899934
0 0.7887426900584795 0.7902858999350227 0.029239766081871343 0.0594541910331384
0 0.05610380116959064 0.04272254710851202 0.02101608187134503 0.03476283300844704
0 0.2902960526315789 0.15448343079922028 0.014619883040935672 0.024366471734892786
0 0.618421052631579 0.38271604938271603 0.012792397660818713 0.02631578947368421
0 0.3746345029239766 0.25422352176738144 0.015350877192982455 0.03996101364522417
0 0.5750182748538012 0.3745938921377518 0.010051169590643274 0.023716699155295645
0 0.47834429824561403 0.30912930474333983 0.014619883040935672 0.029889538661468484
0 0.8968384502923976 0.5251786874593892 0.020285087719298246 0.037361923326835605
0 0.7554824561403509 0.15675763482781027 0.022478070175438597 0.03866146848602989
0 0.3988486842105263 0.23732943469785575 0.014437134502923976 0.02729044834307992
0 0.1769919590643275 0.2777777777777778 0.025950292397660817 0.050032488628979854
0 0.26854897660818716 0.15513320337881742 0.014619883040935672 0.030214424951267055
0 0.7620614035087719 0.7165367121507472 0.017909356725146198 0.029239766081871343
0 0.9694809941520468 0.2577972709551657 0.01644736842105263 0.029564652371669914
0 0.30720029239766083 0.0891812865497076 0.014437134502923976 0.030539311241065625
0 0.8293128654970761 0.34779077322936974 0.011513157894736841 0.022092267706302793
0 0.27823464912280704 0.362735542560104 0.018457602339181287 0.048408057179987
0 0.4933296783625731 0.9798570500324886 0.01827485380116959 0.03151397011046134
0 0.5145285087719298 0.12605588044184535 0.01516812865497076 0.0341130604288499
0 0.4598866959064328 0.18307342430149448 0.018092105263157895 0.03866146848602989
0 0.8974780701754386 0.4272254710851202 0.014071637426900584 0.022742040285899934
0 0.21792763157894737 0.28118908382066277 0.015350877192982455 0.02729044834307992
0 0.49725877192982454 0.4569525666016894 0.019005847953216373 0.030539311241065625
0 0.9936038011695907 0.7988953866146848 0.012792397660818713 0.036062378167641324
0 0.4933296783625731 0.037361923326835605 0.016264619883040937 0.02794022092267706
0 0.34438961988304095 0.5207927225471085 0.012975146198830409 0.028265107212475632
0 0.5584795321637427 0.15009746588693956 0.024853801169590642 0.048408057179987
0 0.953764619883041 0.25259909031838856 0.012975146198830409 0.025341130604288498
0 0.584703947368421 0.9913905133203379 0.017543859649122806 0.017218973359324236
0 0.2080592105263158 0.6448992852501625 0.02266081871345029 0.04775828460038986
0 0.3757309941520468 0.24545159194282 0.008954678362573099 0.023391812865497075
0 0.6007858187134503 0.14831059129304744 0.012244152046783625 0.024366471734892786
0 0.4451754385964912 0.29922027290448344 0.012244152046783625 0.024691358024691357
0 0.5915570175438597 0.3937621832358674 0.013888888888888888 0.02664067576348278
0 0.4880299707602339 0.3489278752436647 0.021198830409356724 0.03281351526965562
0 0.3534356725146199 0.7602339181286549 0.018092105263157895 0.029889538661468484
0 0.9563230994152047 0.9899285250162443 0.02101608187134503 0.02014294996751137
0 0.6108369883040936 0.708414554905783 0.01644736842105263 0.030539311241065625
0 0.15551900584795322 0.5233918128654971 0.021198830409356724 0.03573749187784275
0 0.47514619883040937 0.6814489928525016 0.01864035087719298 0.03183885640025991
0 0.83296783625731 0.5981156595191683 0.019919590643274854 0.031189083820662766
0 0.7556652046783626 0.8253736192332684 0.020650584795321638 0.036712150747238464
0 0.9222404970760234 0.06140350877192982 0.01608187134502924 0.030864197530864196
0 0.8284904970760234 0.01705653021442495 0.03234649122807018 0.0341130604288499
0 0.9587902046783626 0.5531189083820662 0.017361111111111112 0.029239766081871343
0 0.580500730994152 0.9007472384665367 0.014437134502923976 0.02664067576348278
0 0.7322733918128655 0.155458089668616 0.00932017543859649 0.01949317738791423
0 0.4765168128654971 0.23213125406107862 0.013706140350877192 0.022417153996101363
0 0.810672514619883 0.28654970760233917 0.018457602339181287 0.03183885640025991
0 0.11494883040935673 0.7194606887589343 0.039656432748538015 0.05198180636777128
0 0.9237938596491229 0.9782326185834957 0.04861111111111111 0.043534762833008445
0 0.5867141812865497 0.0242040285899935 0.02046783625730994 0.03833658219623132
0 0.42909356725146197 0.046296296296296294 0.011513157894736841 0.02761533463287849
0 0.4110014619883041 0.24366471734892786 0.019005847953216373 0.03183885640025991
0 0.2889254385964912 0.3991228070175439 0.016812865497076022 0.036712150747238464
0 0.7952302631578947 0.7782651072124757 0.017909356725146198 0.03541260558804418
0 0.6479349415204678 0.02046783625730994 0.02540204678362573 0.04028589993502274
0 0.2240497076023392 0.2688434048083171 0.024305555555555556 0.04256010396361273
0 0.544499269005848 0.040123456790123455 0.012609649122807017 0.029889538661468484
0 0.21747076023391812 0.46101364522417154 0.022112573099415205 0.038011695906432746
0 0.5549159356725146 0.015594541910331383 0.01882309941520468 0.031189083820662766
0 0.30043859649122806 0.924788823911631 0.027595029239766082 0.05230669265756985
0 0.3602887426900585 0.5276153346328785 0.023574561403508772 0.036387264457439894
0 0.5897295321637427 0.9647498375568551 0.018457602339181287 0.030539311241065625
0 0.11220760233918128 0.15107212475633527 0.013157894736842105 0.02046783625730994
0 0.7508223684210527 0.99317738791423 0.0222953216374269 0.01364522417153996
0 0.9304641812865497 0.1827485380116959 0.020650584795321638 0.03833658219623132
0 0.7870979532163743 0.7210851202079273 0.01827485380116959 0.030214424951267055
0 0.1597222222222222 0.9894411955815464 0.02722953216374269 0.02111760883690708
0 0.5773940058479532 0.011695906432748537 0.017178362573099414 0.023391812865497075
0 0.8081140350877193 0.07553606237816764 0.023026315789473683 0.0396361273554256
0 0.9009502923976608 0.04580896686159844 0.018457602339181287 0.03248862897985705
0 0.9938779239766082 0.09145549057829759 0.012244152046783625 0.04905782975958414
0 0.662828947368421 0.033300844704353474 0.019919590643274854 0.03346328784925276
0 0.4859283625730994 0.5877192982456141 0.020650584795321638 0.036387264457439894
0 0.5243055555555556 0.08771929824561403 0.015350877192982455 0.02761533463287849
0 0.8578216374269005 0.3521767381416504 0.016264619883040937 0.03183885640025991
0 0.4513888888888889 0.9865172189733593 0.023940058479532164 0.02696556205328135
0 0.5120614035087719 0.17267706302794023 0.012792397660818713 0.025341130604288498
0 0.2498172514619883 0.2912605588044185 0.01114766081871345 0.025341130604288498
0 0.47076023391812866 0.538174139051332 0.014985380116959063 0.029239766081871343
0 0.13130482456140352 0.6596816114359974 0.0447733918128655 0.07082521117608837
0 0.8809393274853801 0.26608187134502925 0.01425438596491228 0.028265107212475632
0 0.9050621345029239 0.6505847953216374 0.015899122807017545 0.024366471734892786
0 0.5222953216374269 0.11241065627030539 0.014619883040935672 0.025016244314489927
0 0.5326206140350878 0.16358024691358025 0.011695906432748537 0.021767381416504222
0 0.7447916666666666 0.2940220922677063 0.025219298245614034 0.04028589993502274
0 0.11732456140350878 0.6702404158544509 0.03545321637426901 0.05165692007797271
0 0.8000730994152047 0.682261208576998 0.014437134502923976 0.025666016894087068
0 0.34886695906432746 0.16358024691358025 0.029605263157894735 0.050032488628979854
0 0.9902229532163743 0.07326185834957764 0.01608187134502924 0.028589993502274202
0 0.9426169590643275 0.6973684210526315 0.027046783625730993 0.04158544509421702
0 0.24305555555555555 0.04987004548408057 0.014437134502923976 0.029239766081871343
0 0.00932017543859649 0.3001949317738791 0.01864035087719298 0.03476283300844704
0 0.5831505847953217 0.38693957115009747 0.011513157894736841 0.024366471734892786
0 0.9371345029239766 0.6561078622482132 0.028691520467836257 0.05295646523716699
0 0.40232090643274854 0.22076023391812866 0.01206140350877193 0.022417153996101363
0 0.8832236842105263 0.2917478882391163 0.014802631578947368 0.02729044834307992
0 0.7043128654970761 0.361598440545809 0.01699561403508772 0.03183885640025991
0 0.9601608187134503 0.4757959714100065 0.02905701754385965 0.056530214424951264
0 0.6416301169590644 0.027128005198180635 0.01608187134502924 0.030539311241065625
0 0.9599780701754386 0.6578947368421053 0.023391812865497075 0.036387264457439894
0 0.9187682748538012 0.6250812215724496 0.015899122807017545 0.028589993502274202
0 0.2309027777777778 0.3901884340480832 0.02010233918128655 0.030864197530864196
0 0.6659356725146199 0.01299545159194282 0.013706140350877192 0.023066926575698504
0 0.7116228070175439 0.3708576998050682 0.034173976608187134 0.06107862248213125
0 0.13843201754385964 0.15172189733593242 0.011695906432748537 0.022742040285899934
0 0.405062134502924 0.7880116959064327 0.019554093567251463 0.02696556205328135
0 0.4288194444444444 0.5407732293697206 0.015350877192982455 0.02761533463287849
0 0.09100877192982457 0.13807667316439245 0.019736842105263157 0.030864197530864196
0 0.5277777777777778 0.5815464587394412 0.015533625730994151 0.02794022092267706
0 0.5115131578947368 0.13385315139701104 0.01206140350877193 0.02696556205328135
0 0.3670504385964912 0.51137102014295 0.01516812865497076 0.03183885640025991
0 0.33296783625730997 0.843404808317089 0.013888888888888888 0.030864197530864196
0 0.7911184210526315 0.5670890188434048 0.019919590643274854 0.03346328784925276
0 0.7893823099415205 0.08934372969460688 0.031432748538011694 0.05458089668615984
0 0.39528508771929827 0.5266406757634828 0.011878654970760233 0.025341130604288498
0 0.600328947368421 0.17690058479532164 0.023940058479532164 0.04158544509421702
0 0.3458516081871345 0.74090318388564 0.028326023391812866 0.0539311241065627
0 0.7036732456140351 0.2993827160493827 0.024853801169590642 0.03833658219623132
0 0.3522478070175439 0.7982456140350878 0.019005847953216373 0.03183885640025991
0 0.6460160818713451 0.24480181936322287 0.02284356725146199 0.04191033138401559
0 0.8963815789473685 0.6427875243664717 0.019736842105263157 0.03833658219623132
0 0.8932748538011696 0.41276803118908384 0.014802631578947368 0.024691358024691357
0 0.7744883040935673 0.248862897985705 0.01516812865497076 0.028589993502274202
0 0.301078216374269 0.5935672514619883 0.021198830409356724 0.03541260558804418
0 0.6396198830409356 0.19866796621182586 0.010782163742690058 0.023716699155295645
0 0.46600877192982454 0.2883365821962313 0.021564327485380116 0.036712150747238464
0 0.5538194444444444 0.0594541910331384 0.01663011695906433 0.029564652371669914
0 0.5348135964912281 0.41487979207277453 0.015350877192982455 0.036062378167641324
0 0.0061220760233918125 0.7098765432098766 0.012244152046783625 0.03931124106562703
0 0.8321454678362573 0.015107212475633527 0.016812865497076022 0.030214424951267055
0 0.9097222222222222 0.7067901234567902 0.020833333333333332 0.04158544509421702
0 0.515625 0.08853151397011046 0.013523391812865496 0.024691358024691357
0 0.27850877192982454 0.6367771280051981 0.017726608187134504 0.030539311241065625
0 0.9844663742690059 0.8749187784275504 0.028691520467836257 0.043859649122807015
0 0.21180555555555555 0.4007472384665367 0.014071637426900584 0.02696556205328135
0 0.5469663742690059 0.7126380766731644 0.014437134502923976 0.02599090318388564
0 0.5049342105263158 0.1442495126705653 0.013523391812865496 0.024691358024691357
0 0.8256578947368421 0.8276478232618584 0.01827485380116959 0.03281351526965562
0 0.6237207602339181 0.2707927225471085 0.01827485380116959 0.03281351526965562
0 0.09338450292397661 0.7503248862897985 0.019554093567251463 0.03248862897985705
0 0.5665204678362573 0.76819363222872 0.020650584795321638 0.03898635477582846
0 0.5957602339181286 0.03931124106562703 0.012975146198830409 0.024041585445094216
0 0.6165021929824561 0.2998700454840806 0.03033625730994152 0.050032488628979854
0 0.8435672514619883 0.8412930474333983 0.033808479532163746 0.05425601039636127
0 0.27503654970760233 0.3508771929824561 0.01114766081871345 0.024366471734892786
0 0.6341374269005848 0.09421702404158544 0.014437134502923976 0.028265107212475632
0 0.2974232456140351 0.7769655620532814 0.014619883040935672 0.025016244314489927
0 0.35754751461988304 0.43209876543209874 0.017361111111111112 0.029889538661468484
0 0.6948099415204678 0.0396361273554256 0.010416666666666666 0.01916829109811566
0 0.6484831871345029 0.22303443794671865 0.01114766081871345 0.022742040285899934
0 0.6927083333333334 0.15042235217673813 0.013523391812865496 0.02664067576348278
0 0.8095760233918129 0.2071150097465887 0.01663011695906433 0.022417153996101363
0 0.025219298245614034 0.6866471734892787 0.01864035087719298 0.036387264457439894
0 0.7322733918128655 0.06741390513320338 0.01608187134502924 0.02794022092267706
0 0.9866593567251462 0.11809616634178037 0.01882309941520468 0.0341130604288499
0 0.031524122807017545 0.20354126055880442 0.019919590643274854 0.029239766081871343
0 0.8292214912280702 0.198180636777128 0.01864035087719298 0.04028589993502274
0 0.7195723684210527 0.7527615334632879 0.013888888888888888 0.022742040285899934
0 0.7874634502923976 0.28443794671864847 0.015350877192982455 0.03281351526965562
0 0.1840277777777778 0.9925276153346329 0.029788011695906433 0.014944769330734242
0 0.5505299707602339 0.3953866146848603 0.01644736842105263 0.025666016894087068
0 0.863578216374269 0.5836582196231319 0.014071637426900584 0.025341130604288498
0 0.8639437134502924 0.44671864847303444 0.019005847953216373 0.030864197530864196
0 0.3718932748538012 0.36939571150097467 0.0133406432748538 0.02729044834307992
0 0.46765350877192985 0.3138401559454191 0.016812865497076022 0.03281351526965562
0 0.7689144736842105 0.9332358674463938 0.021564327485380116 0.037037037037037035
0 0.9968932748538012 0.12166991552956465 0.0062134502923976605 0.031189083820662766
0 0.4691154970760234 0.21393762183235868 0.031432748538011694 0.05847953216374269
0 0.7787828947368421 0.24415204678362573 0.02503654970760234 0.050032488628979854
0 0.7150950292397661 0.1034762833008447 0.01206140350877193 0.023066926575698504
0 0.7785087719298246 0.5357374918778428 0.01918859649122807 0.03443794671864847
0 0.546875 0.3549382716049383 0.014802631578947368 0.025666016894087068
0 0.07163742690058479 0.33771929824561403 0.01918859649122807 0.03313840155945419
0 0.710343567251462 0.580896686159844 0.010782163742690058 0.018518518518518517
0 0.6714181286549707 0.39148797920727746 0.012244152046783625 0.02046783625730994
0 0.5242141812865497 0.10071474983755685 0.014437134502923976 0.025016244314489927
0 0.1585343567251462 0.004710851202079272 0.02138157894736842 0.009421702404158544
0 0.0377375730994152 0.4811565951916829 0.02101608187134503 0.03541260558804418
0 0.2589546783625731 0.14165042235217673 0.014619883040935672 0.030539311241065625
0 0.6813779239766082 0.13791423001949318 0.03252923976608187 0.051007147498375566
0 0.23583698830409358 0.4106562703053931 0.0133406432748538 0.02599090318388564
0 0.2781432748538012 0.4865172189733593 0.02138157894736842 0.037686809616634176
0 0.7833516081871345 0.860461338531514 0.014985380116959063 0.023066926575698504
0 0.6292945906432749 0.649772579597141 0.014619883040935672 0.02794022092267706
0 0.1139437134502924 0.43226120857699807 0.022112573099415205 0.04256010396361273
0 0.8229166666666666 0.45987654320987653 0.01827485380116959 0.03183885640025991
0 0.6514985380116959 0.2347303443794672 0.010782163742690058 0.022417153996101363
0 0.7250548245614035 0.6976933073424302 0.02722953216374269 0.043534762833008445
0 0.43722587719298245 0.25958414554905784 0.01608187134502924 0.037686809616634176
0 0.960343567251462 0.2573099415204678 0.010964912280701754 0.02046783625730994
0 0.796235380116959 0.22530864197530864 0.017543859649122806 0.029239766081871343
0 0.3454861111111111 0.6476608187134503 0.016264619883040937 0.029239766081871343
0 0.49890350877192985 0.023716699155295645 0.011330409356725146 0.025666016894087068
0 0.6839364035087719 0.16569200779727095 0.017361111111111112 0.030214424951267055
0 0.43740862573099415 0.9910656270305394 0.02887426900584795 0.017868745938921377
0 0.8351608187134503 0.5342755035737492 0.01425438596491228 0.025666016894087068
0 0.35983187134502925 0.15903183885640026 0.0133406432748538 0.02696556205328135
0 0.7687317251461988 0.17186484730344379 0.010964912280701754 0.024691358024691357
0 0.8318713450292398 0.8440545808966862 0.021564327485380116 0.03898635477582846
0 0.7492690058479532 0.2896361273554256 0.014071637426900584 0.024691358024691357
0 0.3969298245614035 0.4166666666666667 0.014985380116959063 0.02599090318388564
0 0.45285087719298245 0.5997400909681612 0.017543859649122806 0.029239766081871343
0 0.8230994152046783 0.011208576998050682 0.017361111111111112 0.022417153996101363
0 0.20394736842105263 0.4074074074074074 0.01425438596491228 0.02631578947368421
0 0.6754385964912281 0.6911955815464588 0.019736842105263157 0.03248862897985705
0 0.8073830409356725 0.22384665367121506 0.012975146198830409 0.024691358024691357
0 0.35635964912280704 0.7132878492527616 0.019554093567251463 0.03151397011046134
0 0.9301900584795322 0.26851851851851855 0.019736842105263157 0.0396361273554256
0 0.3005299707602339 0.05880441845354126 0.014619883040935672 0.029889538661468484
0 0.935672514619883 0.9899285250162443 0.028326023391812866 0.02014294996751137
0 0.4313779239766082 0.3083170890188434 0.01882309941520468 0.03248862897985705
0 0.4703033625730994 0.09210526315789473 0.020285087719298246 0.037037037037037035
0 0.5200109649122807 0.12410656270305392 0.02631578947368421 0.048408057179987
0 0.6791849415204678 0.1067251461988304 0.009685672514619883 0.017543859649122806
0 0.6727887426900585 0.294996751137102 0.012975146198830409 0.024691358024691357
0 0.35809576023391815 0.6450617283950617 0.018457602339181287 0.03248862897985705
0 0.2029422514619883 0.7240090968161144 0.028326023391812866 0.05360623781676413
0 0.995796783625731 0.30116959064327486 0.008406432748538011 0.03541260558804418
0 0.2972404970760234 0.6478232618583496 0.017178362573099414 0.03151397011046134
0 0.689327485380117 0.9420077972709552 0.013888888888888888 0.023391812865497075
0 0.5421235380116959 0.8503898635477583 0.019554093567251463 0.04028589993502274
0 0.1295687134502924 0.3326835607537362 0.029970760233918127 0.04873294346978557
0 0.6089181286549707 0.3058804418453541 0.01516812865497076 0.02729044834307992
0 0.2902046783625731 0.5737491877842755 0.02266081871345029 0.04580896686159844
0 0.8463998538011696 0.26380766731643923 0.026133040935672515 0.037361923326835605
0 0.7872807017543859 0.7953216374269005 0.021198830409356724 0.03931124106562703
0 0.7399488304093568 0.26380766731643923 0.02284356725146199 0.043534762833008445
0 0.2959612573099415 0.526153346328785 0.014437134502923976 0.029239766081871343
0 0.11778143274853801 0.08187134502923976 0.017178362573099414 0.03216374269005848
0 0.6650219298245614 0.2794022092267706 0.019005847953216373 0.030864197530864196
0 0.4149305555555556 0.4163417803768681 0.01827485380116959 0.03216374269005848
0 0.6218019005847953 0.33723196881091616 0.017726608187134504 0.03443794671864847
0 0.2993421052631579 0.1055880441845354 0.012426900584795321 0.028589993502274202
0 0.46573464912280704 0.3854775828460039 0.01699561403508772 0.03281351526965562
0 0.6691337719298246 0.2797270955165692 0.009868421052631578 0.01916829109811566
0 0.9954312865497076 0.9684860298895387 0.009137426900584795 0.05977907732293697
0 0.47752192982456143 0.3866146848602989 0.016264619883040937 0.030539311241065625
0 0.35078581871345027 0.14798570500324887 0.01882309941520468 0.03183885640025991
0 0.31661184210526316 0.30571799870045485 0.007858187134502924 0.012345679012345678
0 0.9739583333333334 0.8401559454191033 0.0445906432748538 0.07862248213125406
0 0.5627741228070176 0.7537361923326835 0.013706140350877192 0.024366471734892786
0 0.5484283625730995 0.7862248213125406 0.019554093567251463 0.03931124106562703
0 0.8591008771929824 0.7846003898635477 0.017178362573099414 0.029564652371669914
0 0.5099597953216374 0.9871669915529565 0.03709795321637427 0.025666016894087068
0 0.988578216374269 0.0649772579597141 0.02284356725146199 0.06692657569850552
0 0.5909173976608187 0.34779077322936974 0.021747076023391813 0.04061078622482131
0 0.751827485380117 0.155458089668616 0.013888888888888888 0.02664067576348278
0 0.1027046783625731 0.1739766081871345 0.0133406432748538 0.023391812865497075
0 0.4241593567251462 0.3913255360623782 0.023574561403508772 0.044509421702404156
0 0.8506944444444444 0.9046458739441195 0.01644736842105263 0.022742040285899934
0 0.5555555555555556 0.10705003248862897 0.014071637426900584 0.02599090318388564
0 0.41758040935672514 0.9051332033788174 0.023574561403508772 0.04613385315139701
0 0.6356907894736842 0.7095516569200779 0.02412280701754386 0.0451591942820013
0 0.4168494152046784 0.2665692007797271 0.020285087719298246 0.036387264457439894
0 0.821546052631579 0.5131578947368421 0.015350877192982455 0.021442495126705652
0 0.7979714912280702 0.6513970110461339 0.01864035087719298 0.030539311241065625
0 0.789656432748538 0.11192332683560753 0.015350877192982455 0.03151397011046134
0 0.8293128654970761 0.3677712800519818 0.012792397660818713 0.023716699155295645
0 0.27640716374269003 0.3214749837556855 0.01882309941520468 0.04028589993502274
0 0.7384868421052632 0.019655620532813514 0.010051169590643274 0.01949317738791423
0 0.1230811403508772 0.399772579597141 0.014619883040935672 0.025016244314489927
0 0.9506578947368421 0.5779727095516569 0.03289473684210526 0.050682261208576995
0 0.010325292397660819 0.2503248862897986 0.014619883040935672 0.025016244314489927
0 0.31816520467836257 0.0726120857699805 0.01827485380116959 0.03216374269005848
0 0.832328216374269 0.49691358024691357 0.014619883040935672 0.025341130604288498
0 0.7177448830409356 0.12719298245614036 0.01206140350877193 0.023066926575698504
0 0.35508040935672514 0.44558154645873943 0.030153508771929825 0.05360623781676413
0 0.5514437134502924 0.7638076673164392 0.01023391812865497 0.018843404808317088
0 0.6591739766081871 0.03833658219623132 0.014619883040935672 0.024691358024691357
0 0.9667397660818714 0.24155295646523717 0.016264619883040937 0.030539311241065625
0 0.25639619883040937 0.8737816764132553 0.015350877192982455 0.02794022092267706
0 0.9747807017543859 0.17657569850552307 0.02138157894736842 0.038011695906432746
0 0.9329312865497076 0.8828784925276153 0.022112573099415205 0.04191033138401559
0 0.4745065789473684 0.25617283950617287 0.012792397660818713 0.03151397011046134
0 0.8368055555555556 0.23294346978557504 0.016812865497076022 0.030864197530864196
0 0.7219480994152047 0.6973684210526315 0.017726608187134504 0.028914879792072773
0 0.5398391812865497 0.6968810916179338 0.015899122807017545 0.029239766081871343
0 0.8314144736842105 0.13515269655620532 0.02046783625730994 0.038011695906432746
0 0.9315606725146199 0.01673164392462638 0.013157894736842105 0.024366471734892786
0 0.5010051169590644 0.563190383365822 0.011695906432748537 0.018518518518518517
0 0.8420138888888888 0.2378167641325536 0.025584795321637425 0.038011695906432746