0 0.626827485380117 0.7100389863547758 0.021747076023391813 0.037037037037037035
0 0.5759320175438597 0.8723196881091618 0.025219298245614034 0.04710851202079272
0 0.38596491228070173 0.39717348927875246 0.0222953216374269 0.03866146848602989
0 0.26763523391812866 0.6018518518518519 0.023026315789473683 0.04191033138401559
0 0.5527229532163743 0.8923001949317739 0.02503654970760234 0.04808317089018843
0 0.6491228070175439 0.9010721247563352 0.027412280701754384 0.04645873944119558
0 0.09859283625730994 0.22807017543859648 0.019371345029239765 0.037361923326835605
0 0.35645102339181284 0.6340155945419104 0.018457602339181287 0.04256010396361273
0 0.4390533625730994 0.9353476283300844 0.023026315789473683 0.043209876543209874
0 0.40460526315789475 0.3346328784925276 0.02448830409356725 0.043534762833008445
0 0.14756944444444445 0.36744639376218324 0.02448830409356725 0.03866146848602989
0 0.7139985380116959 0.5363872644574399 0.02503654970760234 0.037686809616634176
0 0.28417397660818716 0.5997400909681612 0.02010233918128655 0.03378817413905133
0 0.6010599415204678 0.22742040285899934 0.019554093567251463 0.03898635477582846
0 0.060581140350877194 0.2912605588044185 0.024671052631578948 0.04191033138401559
0 0.13349780701754385 0.05864197530864197 0.027595029239766082 0.04613385315139701
0 0.19736842105263158 0.46393762183235865 0.016812865497076022 0.028914879792072773
0 0.07245979532163743 0.05701754385964912 0.025219298245614034 0.04061078622482131
0 0.26781798245614036 0.6307667316439246 0.020650584795321638 0.03541260558804418
0 0.25164473684210525 0.7678687459389214 0.03527046783625731 0.06562703053931124
0 0.8595577485380117 0.04093567251461988 0.03289473684210526 0.056855100714749834
0 0.203125 0.8927875243664717 0.0222953216374269 0.037037037037037035
0 0.13879751461988304 0.42462638076673165 0.02942251461988304 0.049707602339181284
0 0.31277412280701755 0.6208576998050682 0.020833333333333332 0.036387264457439894
0 0.3298611111111111 0.6003898635477583 0.023757309941520467 0.04483430799220273
0 0.4355811403508772 0.7946718648473035 0.023757309941520467 0.044509421702404156
0 0.15076754385964913 0.4636127355425601 0.031067251461988302 0.050357374918778425
0 0.16922514619883042 0.3476283300844704 0.03070175438596491 0.04710851202079272
0 0.5325292397660819 0.8466536712150747 0.03527046783625731 0.0627030539311241
0 0.37627923976608185 0.5826835607537362 0.020285087719298246 0.037361923326835605
0 0.6211622807017544 0.7514619883040936 0.023574561403508772 0.043209876543209874
0 0.6325840643274854 0.43437296946068876 0.02631578947368421 0.04775828460038986
0 0.13998538011695907 0.6078622482131254 0.034722222222222224 0.06205328135152696
0 0.09502923976608187 0.5667641325536062 0.028143274853801168 0.05165692007797271
0 0.871984649122807 0.37394411955815465 0.030884502923976608 0.056530214424951264
0 0.8132309941520468 0.6453866146848602 0.021747076023391813 0.038011695906432746
0 0.17973318713450293 0.8721572449642625 0.024305555555555556 0.043534762833008445
0 0.6929824561403509 0.9026965562053282 0.036366959064327485 0.06725146198830409
0 0.6220760233918129 0.8188758934372969 0.02046783625730994 0.036712150747238464
0 0.1827485380116959 0.40578297595841456 0.01882309941520468 0.03443794671864847
0 0.05930190058479532 0.9075698505523067 0.04367690058479532 0.07244964262508122
0 0.4180372807017544 0.7932098765432098 0.02540204678362573 0.049707602339181284
0 0.9453581871345029 0.7306692657569851 0.03435672514619883 0.06335282651072124
0 0.12107090643274854 0.6767381416504223 0.026133040935672515 0.050682261208576995
0 0.1509502923976608 0.24642625081221572 0.019736842105263157 0.03248862897985705
0 0.7281615497076024 0.6239441195581547 0.03344298245614035 0.06562703053931124
0 0.08095760233918128 0.3092917478882391 0.01827485380116959 0.029889538661468484
0 0.1048062865497076 0.6239441195581547 0.028143274853801168 0.05263157894736842
0 0.3512426900584795 0.8362573099415205 0.015899122807017545 0.02794022092267706
0 0.613578216374269 0.9340480831708902 0.023574561403508772 0.043534762833008445
0 0.171875 0.8081546458739441 0.027960526315789474 0.05295646523716699
0 0.07876461988304094 0.8601364522417154 0.030519005847953216 0.050357374918778425
0 0.14163011695906433 0.6985055230669266 0.03070175438596491 0.04678362573099415
0 0.3836805555555556 0.6328784925276153 0.024671052631578948 0.04483430799220273
0 0.03042763157894737 0.9701104613385315 0.036915204678362575 0.05912930474333983
0 0.5035635964912281 0.449317738791423 0.025584795321637425 0.044509421702404156
0 0.2986111111111111 0.3762183235867446 0.027595029239766082 0.04775828460038986
0 0.26050804093567254 0.10152696556205328 0.022112573099415205 0.03573749187784275
0 0.17050438596491227 0.9075698505523067 0.030153508771929825 0.056855100714749834
0 0.46582602339181284 0.8737816764132553 0.028143274853801168 0.050682261208576995
0 0.9788925438596491 0.4194282001299545 0.020650584795321638 0.036712150747238464
0 0.26169590643274854 0.5557179987004548 0.02266081871345029 0.03931124106562703
0 0.5320723684210527 0.291585445094217 0.021198830409356724 0.03996101364522417
0 0.08406432748538012 0.20679012345679013 0.025219298245614034 0.04580896686159844
0 0.6921600877192983 0.9463937621832359 0.036915204678362575 0.06172839506172839
0 0.4369517543859649 0.9710851202079273 0.023940058479532164 0.043534762833008445
0 0.21427266081871346 0.15269655620532813 0.023391812865497075 0.03866146848602989
0 0.13898026315789475 0.13677712800519817 0.027046783625730993 0.0451591942820013
0 0.7242324561403509 0.21848602988953866 0.02722953216374269 0.049707602339181284
0 0.3147843567251462 0.6713775178687459 0.026498538011695907 0.050032488628979854
0 0.3848684210526316 0.42901234567901236 0.023026315789473683 0.03996101364522417
0 0.9670138888888888 0.8773554256010396 0.025950292397660817 0.037037037037037035
0 0.4826388888888889 0.8664717348927875 0.023574561403508772 0.04873294346978557
0 0.8661366959064327 0.9538661468486029 0.03179824561403509 0.056530214424951264
0 0.04504751461988304 0.301819363222872 0.021564327485380116 0.043534762833008445
0 0.241593567251462 0.5765107212475633 0.019005847953216373 0.03183885640025991
0 0.1753472222222222 0.11419753086419752 0.019005847953216373 0.037361923326835605
0 0.2294407894736842 0.195906432748538 0.0133406432748538 0.030214424951267055
0 0.2978801169590643 0.8945743989603638 0.027777777777777776 0.04873294346978557
0 0.16593567251461988 0.5095841455490578 0.02101608187134503 0.037686809616634176
0 0.13687865497076024 0.9291747888239116 0.0266812865497076 0.04613385315139701
0 0.8296783625730995 0.34827810266406756 0.027777777777777776 0.056530214424951264
0 0.3578216374269006 0.7620207927225471 0.030884502923976608 0.06042884990253411
0 0.15250365497076024 0.4980506822612086 0.024671052631578948 0.043534762833008445
0 0.6078216374269005 0.9868421052631579 0.025584795321637425 0.02631578947368421
0 0.22797880116959066 0.7945094217024041 0.02540204678362573 0.04223521767381416
0 0.45796783625730997 0.851364522417154 0.023574561403508772 0.03898635477582846
0 0.13331505847953215 0.8853151397011046 0.028691520467836257 0.04580896686159844
0 0.04998172514619883 0.9476933073424302 0.025767543859649123 0.043859649122807015
0 0.15232090643274854 0.39847303443794674 0.02448830409356725 0.04256010396361273
0 0.06569809941520467 0.39067576348278105 0.022478070175438597 0.036062378167641324
0 0.3288559941520468 0.7348927875243665 0.019554093567251463 0.03281351526965562
0 0.46692251461988304 0.804093567251462 0.027960526315789474 0.057179987004548405
0 0.3765533625730994 0.8632228719948019 0.027046783625730993 0.049707602339181284
0 0.8818530701754386 0.13921377517868747 0.026133040935672515 0.04938271604938271
0 0.4078033625730994 0.299545159194282 0.019919590643274854 0.03833658219623132
0 0.40423976608187134 0.2071150097465887 0.01206140350877193 0.022417153996101363
0 0.2746710526315789 0.5656270305393113 0.021564327485380116 0.03866146848602989
0 0.13505116959064328 0.021767381416504222 0.025950292397660817 0.04223521767381416
0 0.6481176900584795 0.7491877842755036 0.02266081871345029 0.037037037037037035
0 0.11038011695906433 0.9589018843404808 0.02540204678362573 0.03541260558804418
0 0.09594298245614036 0.3611111111111111 0.03618421052631579 0.06465237166991553
0 0.09237938596491228 0.2600714749837557 0.01864035087719298 0.030539311241065625
0 0.41849415204678364 0.4645873944119558 0.02266081871345029 0.04093567251461988
0 0.11896929824561403 0.387264457439896 0.02503654970760234 0.04613385315139701
0 0.08369883040935673 0.290448343079922 0.02138157894736842 0.03898635477582846
0 0.16648391812865498 0.37719298245614036 0.02448830409356725 0.04548408057179987
0 0.01827485380116959 0.5821962313190383 0.025219298245614034 0.043859649122807015
0 0.3435672514619883 0.6461988304093568 0.019005847953216373 0.03248862897985705
0 0.18877923976608188 0.1444119558154646 0.024853801169590642 0.038011695906432746
0 0.2588633040935672 0.911143599740091 0.023940058479532164 0.03866146848602989
0 0.6440972222222222 0.776803118908382 0.02503654970760234 0.042884990253411304
0 0.5249451754385965 0.900909681611436 0.02320906432748538 0.04223521767381416
0 0.2540204678362573 0.04158544509421702 0.017909356725146198 0.04126055880441845
0 0.6451937134502924 0.8666341780376868 0.02320906432748538 0.04256010396361273
0 0.18887061403508773 0.22709551656920077 0.03033625730994152 0.04678362573099415
0 0.06533260233918128 0.3589993502274204 0.027046783625730993 0.04645873944119558
0 0.965734649122807 0.4548408057179987 0.042214912280701754 0.0714749837556855
0 0.4227887426900585 0.43226120857699807 0.019554093567251463 0.03281351526965562
0 0.4136513157894737 0.5878817413905133 0.030153508771929825 0.048408057179987
0 0.9091739766081871 0.406595191682911 0.02448830409356725 0.043859649122807015
0 0.20623172514619884 0.7623456790123457 0.015899122807017545 0.030539311241065625
0 0.011513157894736841 0.0912930474333983 0.023026315789473683 0.051332033788174136
0 0.3517909356725146 0.5500324886289799 0.020285087719298246 0.037037037037037035
0 0.5990497076023392 0.5779727095516569 0.02887426900584795 0.050357374918778425
0 0.7923976608187134 0.6414879792072774 0.017909356725146198 0.03183885640025991
0 0.3421966374269006 0.5659519168291098 0.018092105263157895 0.03378817413905133
0 0.024762426900584795 0.6825860948667967 0.04203216374269006 0.06432748538011696
0 0.5139802631578947 0.24496426250812214 0.01516812865497076 0.029564652371669914
0 0.16986476608187134 0.08495776478232618 0.023026315789473683 0.0396361273554256
0 0.9135599415204678 0.07342430149447693 0.033625730994152045 0.06172839506172839
0 0.7616045321637427 0.6410006497725796 0.026133040935672515 0.04483430799220273
0 0.19828216374269006 0.6369395711500975 0.02448830409356725 0.043209876543209874
0 0.37207602339181284 0.9615009746588694 0.020650584795321638 0.03996101364522417
0 0.40615862573099415 0.4899285250162443 0.029788011695906433 0.05230669265756985
0 0.6611842105263158 0.7677063027940221 0.023391812865497075 0.043534762833008445
0 0.5291483918128655 0.8780051981806368 0.019005847953216373 0.030539311241065625
0 0.6649305555555556 0.3084795321637427 0.02266081871345029 0.03898635477582846
0 0.2117141812865497 0.8641975308641975 0.0222953216374269 0.03866146848602989
0 0.7486293859649122 0.1629304743339831 0.021564327485380116 0.03931124106562703
0 0.23373538011695907 0.898635477582846 0.033625730994152045 0.057829759584145546
0 0.4085343567251462 0.8486029889538661 0.020833333333333332 0.037686809616634176
0 0.5195540935672515 0.5555555555555556 0.027960526315789474 0.051332033788174136
0 0.13898026315789475 0.5162443144899286 0.031615497076023395 0.050682261208576995
0 0.21070906432748537 0.22709551656920077 0.01827485380116959 0.0396361273554256
0 0.33534356725146197 0.8888888888888888 0.034173976608187134 0.06432748538011696
0 0.6944444444444444 0.19866796621182586 0.03125 0.05425601039636127
0 0.35352704678362573 0.30116959064327486 0.019371345029239765 0.03476283300844704
0 0.11933479532163743 0.9372969460688759 0.026133040935672515 0.04191033138401559
0 0.3921783625730994 0.28330084470435346 0.023940058479532164 0.04191033138401559
0 0.9743238304093568 0.6424626380766731 0.033625730994152045 0.06107862248213125
0 0.7281615497076024 0.8190383365821963 0.03728070175438596 0.06887589343729694
0 0.38477704678362573 0.8921377517868746 0.029605263157894735 0.0451591942820013
0 0.6752558479532164 0.7542235217673814 0.014619883040935672 0.02631578947368421
0 0.9499269005847953 0.9049707602339181 0.03179824561403509 0.05588044184535412
0 0.9691154970760234 0.36176088369070825 0.037463450292397664 0.06465237166991553
0 0.8689692982456141 0.22011046133853152 0.03490497076023392 0.06692657569850552
0 0.12454312865497076 0.9074074074074074 0.027595029239766082 0.043209876543209874
0 0.04623538011695907 0.6044509421702404 0.036915204678362575 0.05847953216374269
0 0.8401864035087719 0.5545808966861598 0.03764619883040936 0.06140350877192982
0 0.9294590643274854 0.5443469785575049 0.02503654970760234 0.04580896686159844
0 0.8704312865497076 0.604775828460039 0.0356359649122807 0.0627030539311241
0 0.47870979532163743 0.6367771280051981 0.019005847953216373 0.031189083820662766
0 0.32574926900584794 0.6578947368421053 0.02631578947368421 0.04678362573099415
0 0.5143457602339181 0.27956465237166994 0.01918859649122807 0.03508771929824561
0 0.4550438596491228 0.9275503573749188 0.02850877192982456 0.0539311241065627
0 0.40515350877192985 0.9777452891487979 0.027046783625730993 0.044509421702404156
0 0.049798976608187134 0.6663417803768681 0.030153508771929825 0.048408057179987
0 0.4262609649122807 0.8531513970110461 0.03216374269005848 0.06367771280051981
0 0.26133040935672514 0.13807667316439245 0.027412280701754384 0.05165692007797271
0 0.02366593567251462 0.5201429499675114 0.024305555555555556 0.03996101364522417
0 0.5861659356725146 0.5107212475633528 0.031615497076023395 0.057829759584145546
0 0.5368238304093568 0.26949317738791423 0.01864035087719298 0.030539311241065625
0 0.8647660818713451 0.8187134502923976 0.033808479532163746 0.06140350877192982
0 0.9163011695906432 0.8044184535412605 0.026133040935672515 0.043859649122807015
0 0.03344298245614035 0.9228395061728395 0.02540204678362573 0.04191033138401559
0 0.2661732456140351 0.8089668615984406 0.03252923976608187 0.05555555555555555
0 0.07236842105263158 0.9592267706302794 0.025219298245614034 0.04678362573099415
0 0.26937134502923976 0.8419428200129955 0.02412280701754386 0.04613385315139701
0 0.009502923976608187 0.7119883040935673 0.019005847953216373 0.04483430799220273
0 0.19755116959064328 0.1673164392462638 0.019371345029239765 0.036062378167641324
0 0.163468567251462 0.8734567901234568 0.023026315789473683 0.043534762833008445
0 0.5383771929824561 0.9056205328135153 0.01699561403508772 0.037037037037037035
0 0.3288559941520468 0.37930474333983105 0.022112573099415205 0.04548408057179987
0 0.3975694444444444 0.13174139051332034 0.023026315789473683 0.037361923326835605
0 0.8262061403508771 0.49853801169590645 0.03618421052631579 0.06237816764132553
0 0.4297331871345029 0.767056530214425 0.01663011695906433 0.028914879792072773
0 0.27521929824561403 0.40919428200129954 0.017178362573099414 0.030539311241065625
0 0.21281067251461988 0.665692007797271 0.019554093567251463 0.03216374269005848
0 0.12627923976608188 0.22384665367121506 0.033625730994152045 0.042884990253411304
0 0.1983735380116959 0.4428200129954516 0.019371345029239765 0.029889538661468484
0 0.9258040935672515 0.02631578947368421 0.031980994152046784 0.05263157894736842
0 0.4928728070175439 0.2191358024691358 0.01827485380116959 0.04126055880441845
0 0.8175255847953217 0.20549057829759584 0.013157894736842105 0.02631578947368421
0 0.8227339181286549 0.3076673164392463 0.025219298245614034 0.04223521767381416
0 0.2659904970760234 0.8742690058479532 0.019005847953216373 0.02729044834307992
0 0.7617872807017544 0.5094217024041585 0.025950292397660817 0.03833658219623132
0 0.2465277777777778 0.19184535412605588 0.015533625730994151 0.025666016894087068
0 0.6534173976608187 0.7056530214424951 0.021929824561403508 0.038011695906432746
0 0.8783808479532164 0.5212800519818064 0.025584795321637425 0.04483430799220273
0 0.7661732456140351 0.08950617283950617 0.02320906432748538 0.044509421702404156
0 0.8955592105263158 0.09584145549057829 0.028143274853801168 0.05295646523716699
0 0.34119152046783624 0.3247238466536712 0.019554093567251463 0.03541260558804418
0 0.3432017543859649 0.38710201429499674 0.014802631578947368 0.03151397011046134
0 0.17004751461988304 0.6955815464587395 0.01864035087719298 0.038011695906432746
0 0.40926535087719296 0.6219948018193632 0.019371345029239765 0.03248862897985705
0 0.17077850877192982 0.4494801819363223 0.020650584795321638 0.0341130604288499
0 0.6408991228070176 0.4580896686159844 0.01206140350877193 0.028265107212475632
0 0.08132309941520467 0.6262183235867447 0.021564327485380116 0.038011695906432746
0 0.11138523391812866 0.18144899285250163 0.02010233918128655 0.03443794671864847
0 0.15752923976608188 0.9530539311241065 0.029605263157894735 0.050682261208576995
0 0.6845760233918129 0.32098765432098764 0.02101608187134503 0.037361923326835605
0 0.0133406432748538 0.5513320337881742 0.026498538011695907 0.05458089668615984
0 0.40113304093567254 0.07504873294346978 0.017543859649122806 0.03151397011046134
0 0.8968384502923976 0.899772579597141 0.04111842105263158 0.07309941520467836
0 0.34228801169590645 0.018843404808317088 0.01425438596491228 0.03573749187784275
0 0.6530519005847953 0.9702729044834308 0.027412280701754384 0.04905782975958414
0 0.31332236842105265 0.14359974009096815 0.019919590643274854 0.03833658219623132
0 0.1823830409356725 0.17007797270955166 0.019371345029239765 0.037037037037037035
0 0.4037828947368421 0.7527615334632879 0.030519005847953216 0.05165692007797271
0 0.2235014619883041 0.8183885640025991 0.01608187134502924 0.028589993502274202
0 0.7198464912280702 0.5602664067576348 0.026133040935672515 0.04126055880441845
0 0.4575109649122807 0.6655295646523717 0.020285087719298246 0.03508771929824561
0 0.49077119883040937 0.8032813515269656 0.027412280701754384 0.04580896686159844
0 0.4411549707602339 0.05490578297595841 0.019736842105263157 0.036712150747238464
0 0.766264619883041 0.7035412605588044 0.025767543859649123 0.04191033138401559
0 0.2713815789473684 0.6705653021442495 0.031432748538011694 0.05263157894736842
0 0.7332785087719298 0.17738791423001948 0.012792397660818713 0.02664067576348278
0 0.7124451754385965 0.7691682910981157 0.03070175438596491 0.05360623781676413
0 0.6775402046783626 0.42381416504223524 0.026498538011695907 0.0451591942820013
0 0.23355263157894737 0.8606237816764133 0.019919590643274854 0.03313840155945419
0 0.20970394736842105 0.3991228070175439 0.02320906432748538 0.04093567251461988
0 0.40917397660818716 0.9446068875893437 0.015716374269005847 0.031189083820662766
0 0.45394736842105265 0.6364522417153996 0.03033625730994152 0.043859649122807015
0 0.6673062865497076 0.8092917478882391 0.017726608187134504 0.031189083820662766
0 0.38861476608187134 0.22628330084470435 0.02101608187134503 0.050357374918778425
0 0.6925255847953217 0.3680961663417804 0.026498538011695907 0.04938271604938271
0 0.09018640350877193 0.949317738791423 0.021929824561403508 0.03996101364522417
0 0.09438961988304094 0.7738791423001949 0.02631578947368421 0.04093567251461988
0 0.28709795321637427 0.4411955815464587 0.019554093567251463 0.029239766081871343
0 0.37609649122807015 0.5519818063677713 0.023026315789473683 0.04028589993502274
0 0.6946271929824561 0.8572124756335283 0.03435672514619883 0.06302794022092267
0 0.18430190058479531 0.3776803118908382 0.019371345029239765 0.03996101364522417
0 0.5831505847953217 0.4757959714100065 0.023574561403508772 0.03508771929824561
0 0.32803362573099415 0.565464587394412 0.017726608187134504 0.03216374269005848
0 0.7158260233918129 0.5025990903183886 0.013888888888888888 0.025341130604288498
0 0.22359283625730994 0.13190383365821962 0.019005847953216373 0.03508771929824561
0 0.9760599415204678 0.5003248862897985 0.029239766081871343 0.05555555555555555
0 0.07666301169590643 0.5938921377517868 0.03234649122807018 0.05458089668615984
0 0.6885964912280702 0.6094866796621182 0.02138157894736842 0.030864197530864196
0 0.12682748538011696 0.548408057179987 0.027595029239766082 0.04775828460038986
0 0.7002010233918129 0.07358674463937621 0.014619883040935672 0.02664067576348278
0 0.27010233918128657 0.37605588044184535 0.014802631578947368 0.028589993502274202
0 0.5060307017543859 0.200454840805718 0.021198830409356724 0.04548408057179987
0 0.5644188596491229 0.9160168940870695 0.02942251461988304 0.05295646523716699
0 0.3123172514619883 0.06530214424951267 0.02010233918128655 0.03378817413905133
0 0.9620796783625731 0.9623131903833658 0.04111842105263158 0.06205328135152696
0 0.18777412280701755 0.028427550357374917 0.02266081871345029 0.04093567251461988
0 0.7022112573099415 0.7438271604938271 0.031615497076023395 0.05263157894736842
0 0.1316703216374269 0.20029239766081872 0.022478070175438597 0.03541260558804418
0 0.5194627192982456 0.6234567901234568 0.015716374269005847 0.028589993502274202
0 0.26379751461988304 0.4247888239116309 0.026498538011695907 0.04808317089018843
0 0.17324561403508773 0.017218973359324236 0.017361111111111112 0.03216374269005848
0 0.01023391812865497 0.3357699805068226 0.02046783625730994 0.042884990253411304
0 0.9388706140350878 0.6270305393112411 0.026498538011695907 0.04256010396361273
0 0.23428362573099415 0.026803118908382065 0.020285087719298246 0.04093567251461988
0 0.4713998538011696 0.4691358024691358 0.014437134502923976 0.029239766081871343
0 0.07867324561403509 0.4371345029239766 0.039108187134502925 0.06562703053931124
0 0.9733187134502924 0.7810266406757634 0.02850877192982456 0.03996101364522417
0 0.06597222222222222 0.3248862897985705 0.023391812865497075 0.04256010396361273
0 0.8516995614035088 0.23619233268356074 0.011695906432748537 0.025016244314489927
0 0.40789473684210525 0.3757309941520468 0.01425438596491228 0.029564652371669914
0 0.7611476608187134 0.31010396361273557 0.02138157894736842 0.036387264457439894
0 0.3103983918128655 0.7564977257959714 0.03490497076023392 0.06432748538011696
0 0.20065789473684212 0.26202079272254714 0.01663011695906433 0.030539311241065625
0 0.22633406432748537 0.4272254710851202 0.028691520467836257 0.04061078622482131
0 0.4498355263157895 0.04061078622482131 0.019371345029239765 0.036712150747238464
0 0.9311038011695907 0.9834307992202729 0.030519005847953216 0.03313840155945419
0 0.33452119883040937 0.633203378817414 0.02320906432748538 0.043859649122807015
0 0.890625 0.3172514619883041 0.033808479532163746 0.0594541910331384
0 0.4452668128654971 0.5116959064327485 0.01425438596491228 0.03346328784925276
0 0.8410087719298246 0.25925925925925924 0.02138157894736842 0.037686809616634176
0 0.25237573099415206 0.8360948667966212 0.03508771929824561 0.06887589343729694
0 0.3149671052631579 0.9637751786874594 0.020285087719298246 0.03443794671864847
0 0.11092836257309942 0.7969460688758935 0.03252923976608187 0.06855100714749837
0 0.7556652046783626 0.975471085120208 0.030153508771929825 0.04873294346978557
0 0.519828216374269 0.3744314489928525 0.02010233918128655 0.04028589993502274
0 0.01471125730994152 0.8879142300194932 0.02942251461988304 0.04678362573099415
0 0.02275219298245614 0.8370695256660169 0.019736842105263157 0.029889538661468484
0 0.6912463450292398 0.9847303443794672 0.03252923976608187 0.030539311241065625
0 0.14510233918128654 0.9798570500324886 0.03709795321637427 0.04028589993502274
0 0.706140350877193 0.8187134502923976 0.019919590643274854 0.036062378167641324
0 0.6988304093567251 0.7936972059779077 0.02942251461988304 0.05230669265756985
0 0.036275584795321635 0.6371020142949968 0.0356359649122807 0.05620532813515269
0 0.6229897660818714 0.8898635477582846 0.023940058479532164 0.04191033138401559
0 0.6850328947368421 0.4876543209876543 0.0222953216374269 0.04580896686159844
0 0.24945175438596492 0.9602014294996751 0.027595029239766082 0.0539311241065627
0 0.5360014619883041 0.7969460688758935 0.02448830409356725 0.05295646523716699
0 0.47797880116959063 0.3905133203378817 0.016264619883040937 0.030214424951267055
0 0.6381578947368421 0.7961338531513971 0.027412280701754384 0.04905782975958414
0 0.7669042397660819 0.05864197530864197 0.02412280701754386 0.04093567251461988
0 0.1996527777777778 0.31026640675763484 0.015899122807017545 0.036712150747238464
0 0.3925438596491228 0.5432098765432098 0.026498538011695907 0.04873294346978557
0 0.28764619883040937 0.9312865497076024 0.02266081871345029 0.043534762833008445
0 0.26882309941520466 0.34502923976608185 0.019005847953216373 0.037686809616634176
0 0.5484283625730995 0.6091617933723197 0.023574561403508772 0.043209876543209874
0 0.2183845029239766 0.5534437946718649 0.027595029239766082 0.05165692007797271
0 0.710343567251462 0.4559779077322937 0.012244152046783625 0.021767381416504222
0 0.21875 0.34324236517218976 0.020833333333333332 0.036387264457439894
0 0.24369517543859648 0.13157894736842105 0.017178362573099414 0.030214424951267055
0 0.2976059941520468 0.8542884990253411 0.026498538011695907 0.048408057179987
0 0.06551535087719298 0.7056530214424951 0.02412280701754386 0.04061078622482131
0 0.32172880116959063 0.9827810266406758 0.01425438596491228 0.025016244314489927
0 0.3038194444444444 0.7975958414554906 0.02010233918128655 0.037686809616634176
0 0.3347039473684211 0.7639701104613386 0.025584795321637425 0.04938271604938271
0 0.42461622807017546 0.3568875893437297 0.01699561403508772 0.03378817413905133
0 0.07099780701754387 0.2633203378817414 0.021198830409356724 0.0341130604288499
0 0.7767726608187134 0.6306042884990254 0.027412280701754384 0.05165692007797271
0 0.07035818713450293 0.7810266406757634 0.024671052631578948 0.04028589993502274
0 0.2550255847953216 0.07959714100064977 0.020650584795321638 0.036062378167641324
0 0.19846491228070176 0.9548408057179987 0.03307748538011696 0.05620532813515269
0 0.6098318713450293 0.6210201429499675 0.034722222222222224 0.06302794022092267
0 0.018457602339181287 0.2834632878492528 0.03654970760233918 0.06465237166991553
0 0.9469115497076024 0.8734567901234568 0.02722953216374269 0.043209876543209874
0 0.30957602339181284 0.9324236517218973 0.03252923976608187 0.057179987004548405
0 0.5337171052631579 0.31887589343729694 0.022112573099415205 0.03508771929824561
0 0.1991045321637427 0.07537361923326835 0.023940058479532164 0.056530214424951264
0 0.44819078947368424 0.985217673814165 0.03435672514619883 0.029564652371669914
0 0.6017909356725146 0.4819688109161793 0.026498538011695907 0.044184535412605586
0 0.9206871345029239 0.836582196231319 0.029605263157894735 0.04678362573099415
0 0.43128654970760233 0.26478232618583497 0.014437134502923976 0.03313840155945419
0 0.05857090643274854 0.42218973359324236 0.015350877192982455 0.028914879792072773
0 0.15871710526315788 0.565464587394412 0.025767543859649123 0.04873294346978557
0 0.2890168128654971 0.4673489278752437 0.02266081871345029 0.043209876543209874
0 0.28307748538011696 0.3614359974009097 0.019736842105263157 0.03476283300844704
0 0.19179459064327486 0.19444444444444445 0.02284356725146199 0.03508771929824561
0 0.39592470760233917 0.5713125406107862 0.018092105263157895 0.03248862897985705
0 0.9308296783625731 0.20614035087719298 0.033808479532163746 0.056855100714749834
0 0.7183845029239766 0.9850552306692657 0.030884502923976608 0.029889538661468484
0 0.3873355263157895 0.3291098115659519 0.020285087719298246 0.03508771929824561
0 0.736750730994152 0.07472384665367121 0.03125 0.0539311241065627
0 0.16191520467836257 0.03752436647173489 0.021198830409356724 0.03346328784925276
0 0.8974780701754386 0.21410006497725795 0.013523391812865496 0.02761533463287849
0 0.3675073099415205 0.01575698505523067 0.013888888888888888 0.03151397011046134
0 0.19809941520467836 0.4208901884340481 0.014071637426900584 0.02664067576348278
0 0.31716008771929827 0.8879142300194932 0.019371345029239765 0.04028589993502274
0 0.9054276315789473 0.621832358674464 0.02631578947368421 0.04710851202079272
0 0.634046052631579 0.7327810266406758 0.019919590643274854 0.04061078622482131
0 0.6689510233918129 0.7321312540610786 0.01918859649122807 0.03281351526965562
0 0.6534173976608187 0.4152046783625731 0.014071637426900584 0.028589993502274202
0 0.2588633040935672 0.47774528914879794 0.02631578947368421 0.051007147498375566
0 0.7925804093567251 0.49074074074074076 0.013157894736842105 0.023391812865497075
0 0.8125 0.44655620532813517 0.023940058479532164 0.05555555555555555
0 0.5061220760233918 0.4085445094217024 0.02850877192982456 0.05360623781676413
0 0.3165204678362573 0.02079272254710851 0.012792397660818713 0.02696556205328135
0 0.44937865497076024 0.35964912280701755 0.014985380116959063 0.0396361273554256
0 0.18859649122807018 0.6695906432748538 0.031067251461988302 0.04938271604938271
0 0.241593567251462 0.2136127355425601 0.019554093567251463 0.03151397011046134
0 0.19078947368421054 0.9277128005198181 0.019005847953216373 0.03281351526965562
0 0.46847587719298245 0.2839506172839506 0.01699561403508772 0.03541260558804418
0 0.4120065789473684 0.6552956465237167 0.02722953216374269 0.05555555555555555
0 0.08132309941520467 0.1232943469785575 0.01864035087719298 0.029564652371669914
0 0.9303728070175439 0.4691358024691358 0.03435672514619883 0.0594541910331384
0 0.4209612573099415 0.2794022092267706 0.010051169590643274 0.02631578947368421
0 0.539656432748538 0.4506172839506173 0.0222953216374269 0.04093567251461988
0 0.747624269005848 0.4616634178037687 0.023391812865497075 0.04256010396361273
0 0.3532529239766082 0.4444444444444444 0.01882309941520468 0.03541260558804418
0 0.8697002923976608 0.08024691358024691 0.029970760233918127 0.05458089668615984
0 0.9585160818713451 0.3226120857699805 0.027046783625730993 0.050357374918778425
0 0.34841008771929827 0.6044509421702404 0.02503654970760234 0.04191033138401559
0 0.6658442982456141 0.6980181936322287 0.013706140350877192 0.02729044834307992
0 0.876827485380117 0.10932423651721897 0.030153508771929825 0.05230669265756985
0 0.20074926900584794 0.8070175438596491 0.017361111111111112 0.028589993502274202
0 0.5533625730994152 0.4746588693957115 0.021929824561403508 0.044184535412605586
0 0.04806286549707602 0.44883040935672514 0.024305555555555556 0.043209876543209874
0 0.15743786549707603 0.533625730994152 0.019736842105263157 0.029564652371669914
0 0.2254203216374269 0.08576998050682261 0.021747076023391813 0.04710851202079272
0 0.9269919590643275 0.5864197530864198 0.0360014619883041 0.06562703053931124
0 0.4911366959064328 0.02452891487979207 0.027595029239766082 0.04873294346978557
0 0.47834429824561403 0.36387264457439894 0.015899122807017545 0.029239766081871343
0 0.19992690058479531 0.5714749837556855 0.01882309941520468 0.0341130604288499
0 0.18667763157894737 0.8099415204678363 0.019371345029239765 0.03378817413905133
0 0.3782894736842105 0.34535412605588045 0.021198830409356724 0.03346328784925276
0 0.8622989766081871 0.7170240415854451 0.024671052631578948 0.04256010396361273
0 0.5840643274853801 0.38466536712150745 0.021747076023391813 0.03378817413905133
0 0.07437865497076024 0.8255360623781677 0.02942251461988304 0.0451591942820013
0 0.8485014619883041 0.01397011046133853 0.027960526315789474 0.02794022092267706
0 0.35489766081871343 0.9668615984405458 0.025950292397660817 0.050032488628979854
0 0.012883771929824562 0.9212150747238467 0.025767543859649123 0.05555555555555555
0 0.2880116959064328 0.12638076673164392 0.014071637426900584 0.029239766081871343
0 0.4541301169590643 0.966374269005848 0.028691520467836257 0.050032488628979854
0 0.4258954678362573 0.2079272254710851 0.010051169590643274 0.025016244314489927
0 0.8570906432748538 0.15464587394411955 0.03654970760233918 0.06432748538011696
0 0.10160818713450293 0.20224171539961014 0.015533625730994151 0.02696556205328135
0 0.9045138888888888 0.22335932423651722 0.01608187134502924 0.029564652371669914
0 0.24360380116959066 0.3594866796621183 0.02046783625730994 0.03931124106562703
0 0.21482090643274854 0.6242690058479532 0.014985380116959063 0.02631578947368421
0 0.2366593567251462 0.17803768680961662 0.012609649122807017 0.02729044834307992
0 0.9672880116959064 0.5921052631578947 0.03654970760233918 0.06465237166991553
0 0.8416483918128655 0.51364522417154 0.02266081871345029 0.04028589993502274
0 0.483187134502924 0.9780701754385965 0.035818713450292396 0.043859649122807015
0 0.18302266081871346 0.25844704353476283 0.030519005847953216 0.05425601039636127
0 0.2638888888888889 0.03346328784925276 0.015716374269005847 0.030539311241065625
0 0.843110380116959 0.3875893437296946 0.03307748538011696 0.05847953216374269
0 0.3834978070175439 0.15821962313190382 0.011330409356725146 0.02696556205328135
0 0.7777777777777778 0.48749187784275505 0.025219298245614034 0.03996101364522417
0 0.7951388888888888 0.17153996101364521 0.034722222222222224 0.06627680311890838
0 0.12445175438596491 0.3549382716049383 0.028143274853801168 0.04678362573099415
0 0.3904422514619883 0.0792722547108512 0.012975146198830409 0.029239766081871343
0 0.7954130116959064 0.06578947368421052 0.01608187134502924 0.028914879792072773
0 0.2970577485380117 0.40594541910331383 0.025767543859649123 0.04580896686159844
0 0.507218567251462 0.30409356725146197 0.014802631578947368 0.028589993502274202
0 0.5217470760233918 0.21783625730994152 0.023574561403508772 0.04158544509421702
0 0.5094115497076024 0.5297270955165692 0.02412280701754386 0.04191033138401559
0 0.3831323099415205 0.1341780376868096 0.012426900584795321 0.023391812865497075
0 0.7636147660818714 0.19200779727095516 0.03234649122807018 0.05490578297595841
0 0.7087902046783626 0.3370695256660169 0.014437134502923976 0.02599090318388564
0 0.8885233918128655 0.559779077322937 0.03545321637426901 0.07212475633528265
0 0.9353070175438597 0.24740090968161144 0.031980994152046784 0.05847953216374269
0 0.5678910818713451 0.6219948018193632 0.014619883040935672 0.02599090318388564
0 0.02421418128654971 0.46426250812215725 0.03929093567251462 0.057179987004548405
0 0.8813048245614035 0.7011046133853152 0.019736842105263157 0.037361923326835605
0 0.23026315789473684 0.057504873294346975 0.015716374269005847 0.02729044834307992
0 0.3987573099415205 0.8281351526965562 0.01608187134502924 0.029239766081871343
0 0.3755482456140351 0.3019818063677713 0.015899122807017545 0.029889538661468484
0 0.558296783625731 0.6419753086419753 0.03271198830409357 0.050357374918778425
0 0.39784356725146197 0.6505847953216374 0.026133040935672515 0.05847953216374269
0 0.9396929824561403 0.3758934372969461 0.03252923976608187 0.06042884990253411
0 0.6279239766081871 0.8425925925925926 0.02010233918128655 0.03541260558804418
0 0.4694809941520468 0.15838206627680312 0.02320906432748538 0.03866146848602989
0 0.6088267543859649 0.25617283950617287 0.023026315789473683 0.04061078622482131
0 0.2932200292397661 0.3448667966211826 0.019554093567251463 0.030864197530864196
0 0.5638706140350878 0.586582196231319 0.012792397660818713 0.025016244314489927
0 0.5574744152046783 0.2433398310591293 0.023757309941520467 0.04613385315139701
0 0.23273026315789475 0.4692982456140351 0.015533625730994151 0.037037037037037035
0 0.6275584795321637 0.39489928525016244 0.02722953216374269 0.04191033138401559
0 0.7786915204678363 0.44753086419753085 0.031615497076023395 0.049707602339181284
0 0.626827485380117 0.20841455490578298 0.011513157894736841 0.024691358024691357
0 0.46308479532163743 0.012670565302144249 0.015350877192982455 0.025341130604288498
0 0.355171783625731 0.20224171539961014 0.02942251461988304 0.05490578297595841
0 0.18530701754385964 0.5570175438596491 0.017726608187134504 0.029564652371669914
0 0.08881578947368421 0.926575698505523 0.020285087719298246 0.02761533463287849
0 0.6417214912280702 0.3258609486679662 0.021747076023391813 0.04126055880441845
0 0.03490497076023392 0.7831384015594542 0.03673245614035088 0.06172839506172839
0 0.8029057017543859 0.6020142949967512 0.025584795321637425 0.04678362573099415
0 0.11302997076023392 0.45938921377517866 0.03307748538011696 0.05977907732293697
0 0.195906432748538 0.7756660168940871 0.02540204678362573 0.04678362573099415
0 0.5528143274853801 0.36825860948667966 0.02101608187134503 0.044184535412605586
0 0.6597222222222222 0.8443794671864847 0.014619883040935672 0.025341130604288498
0 0.5819627192982456 0.2158869395711501 0.01114766081871345 0.024366471734892786
0 0.7328216374269005 0.7807017543859649 0.017909356725146198 0.030214424951267055
0 0.4762426900584795 0.6145224171539961 0.01608187134502924 0.02631578947368421
0 0.23866959064327486 0.3973359324236517 0.023026315789473683 0.05198180636777128
0 0.40286915204678364 0.23034437946718647 0.020650584795321638 0.04093567251461988
0 0.27595029239766083 0.1078622482131254 0.013523391812865496 0.03313840155945419
0 0.06195175438596491 0.5672514619883041 0.029970760233918127 0.0594541910331384
0 0.7729349415204678 0.41228070175438597 0.02412280701754386 0.04678362573099415
0 0.12289839181286549 0.5909681611435997 0.027595029239766082 0.04873294346978557
0 0.49159356725146197 0.13369070825211177 0.013888888888888888 0.03508771929824561
0 0.6484831871345029 0.5805717998700455 0.026498538011695907 0.05588044184535412
0 0.21281067251461988 0.053443794671864844 0.025219298245614034 0.03541260558804418
0 0.14336622807017543 0.18372319688109162 0.03252923976608187 0.05295646523716699
0 0.4722222222222222 0.5901559454191033 0.019736842105263157 0.037686809616634176
0 0.31853070175438597 0.04272254710851202 0.010051169590643274 0.025666016894087068
0 0.24735014619883042 0.676575698505523 0.03271198830409357 0.056530214424951264
0 0.9017726608187134 0.04093567251461988 0.0266812865497076 0.04743339831059129
0 0.15040204678362573 0.8469785575048733 0.023026315789473683 0.036062378167641324
0 0.13505116959064328 0.3349577647823262 0.021929824561403508 0.0341130604288499
0 0.6806469298245614 0.6400259909031839 0.013706140350877192 0.024366471734892786
0 0.7587719298245614 0.5882066276803118 0.04093567251461988 0.07309941520467836
0 0.07017543859649122 0.08853151397011046 0.022478070175438597 0.03313840155945419
0 0.15908260233918128 0.014457439896036386 0.017909356725146198 0.028914879792072773
0 0.7387609649122807 0.18908382066276802 0.011330409356725146 0.024691358024691357
0 0.15679824561403508 0.09779077322936972 0.023026315789473683 0.03996101364522417
0 0.4569627192982456 0.6101364522417154 0.021929824561403508 0.03378817413905133
0 0.5439510233918129 0.2966211825860949 0.011695906432748537 0.024366471734892786
0 0.5851608187134503 0.8968486029889539 0.01699561403508772 0.03346328784925276
0 0.8199926900584795 0.6249187784275504 0.02942251461988304 0.048408057179987
0 0.9376827485380117 0.09015594541910331 0.024671052631578948 0.043859649122807015
0 0.10425804093567251 0.09567901234567901 0.020833333333333332 0.037361923326835605
0 0.3058296783625731 0.8318713450292398 0.027046783625730993 0.050032488628979854
0 0.3072916666666667 0.24496426250812214 0.01882309941520468 0.0341130604288499
0 0.5669773391812866 0.9777452891487979 0.029239766081871343 0.044509421702404156
0 0.19106359649122806 0.98180636777128 0.026498538011695907 0.036387264457439894
0 0.08168859649122807 0.24870045484080572 0.015533625730994151 0.02729044834307992
0 0.7419590643274854 0.49853801169590645 0.030884502923976608 0.0594541910331384
0 0.2224049707602339 0.51364522417154 0.01663011695906433 0.03313840155945419
0 0.5291483918128655 0.1166341780376868 0.016264619883040937 0.02729044834307992
0 0.6128472222222222 0.5474333983105913 0.02448830409356725 0.048408057179987
0 0.9756030701754386 0.39067576348278105 0.026498538011695907 0.04158544509421702
0 0.9333881578947368 0.059941520467836254 0.028143274853801168 0.050032488628979854
0 0.4746893274853801 0.5656270305393113 0.02284356725146199 0.04126055880441845
0 0.5653326023391813 0.3172514619883041 0.011695906432748537 0.02664067576348278
0 0.4594298245614035 0.46718648473034435 0.017178362573099414 0.037361923326835605
0 0.24689327485380116 0.060916179337231965 0.013706140350877192 0.028265107212475632
0 0.33086622807017546 0.44639376218323584 0.018457602339181287 0.036387264457439894
0 0.3921783625730994 0.9195906432748538 0.0268640350877193 0.04126055880441845
0 0.924250730994152 0.941358024691358 0.031980994152046784 0.05977907732293697
0 0.3774671052631579 0.5240415854450943 0.016812865497076022 0.029889538661468484
0 0.2822551169590643 0.04304743339831059 0.014802631578947368 0.02664067576348278
0 0.31734283625730997 0.4537037037037037 0.01864035087719298 0.036712150747238464
0 0.7907529239766082 0.5224171539961013 0.028691520467836257 0.050357374918778425
0 0.15625 0.06302794022092267 0.015716374269005847 0.03183885640025991
0 0.5386513157894737 0.3460038986354776 0.02887426900584795 0.04938271604938271
0 0.9617141812865497 0.0661143599740091 0.0356359649122807 0.06302794022092267
0 0.8126827485380117 0.3885640025990903 0.019005847953216373 0.03541260558804418
0 0.825109649122807 0.028265107212475632 0.03070175438596491 0.05620532813515269
0 0.19499269005847952 0.8284600389863548 0.022478070175438597 0.0341130604288499
0 0.34173976608187134 0.4405458089668616 0.015899122807017545 0.03573749187784275
0 0.3885233918128655 0.5086094866796621 0.01608187134502924 0.028265107212475632
0 0.8493238304093568 0.5812215724496427 0.0268640350877193 0.050682261208576995
0 0.036366959064327485 0.12264457439896036 0.02138157894736842 0.03573749187784275
0 0.8412828947368421 0.0912930474333983 0.0268640350877193 0.04710851202079272
0 0.7267909356725146 0.9067576348278102 0.028691520467836257 0.04710851202079272
0 0.1183296783625731 0.07277452891487979 0.021747076023391813 0.037686809616634176
0 0.4201388888888889 0.05360623781676413 0.01114766081871345 0.021442495126705652
0 0.17735745614035087 0.05214424951267056 0.01827485380116959 0.03248862897985705
0 0.14455409356725146 0.650909681611436 0.03399122807017544 0.05165692007797271
0 0.37509137426900585 0.9889538661468485 0.017361111111111112 0.022092267706302793
0 0.17242324561403508 0.4108187134502924 0.017543859649122806 0.03443794671864847
0 0.5564692982456141 0.01364522417153996 0.01663011695906433 0.02696556205328135
0 0.5443165204678363 0.014782326185834957 0.023391812865497075 0.029564652371669914
0 0.7973318713450293 0.7080896686159844 0.026133040935672515 0.04613385315139701
0 0.45111476608187134 0.5804093567251462 0.02887426900584795 0.05555555555555555
0 0.8960160818713451 0.7628330084470435 0.020650584795321638 0.03541260558804418
0 0.21993786549707603 0.4813190383365822 0.028326023391812866 0.04613385315139701
0 0.9560489766081871 0.6231319038336582 0.019371345029239765 0.03378817413905133
0 0.41136695906432746 0.024853801169590642 0.02412280701754386 0.04678362573099415
0 0.41118421052631576 0.2608836907082521 0.019736842105263157 0.036712150747238464
0 0.904422514619883 0.950454840805718 0.030519005847953216 0.05263157894736842
0 0.892452485380117 0.48294346978557506 0.01882309941520468 0.0341130604288499
0 0.11001461988304094 0.13937621832358674 0.023574561403508772 0.03476283300844704
0 0.7082419590643275 0.4325860948667966 0.021929824561403508 0.03476283300844704
0 0.8342470760233918 0.7071150097465887 0.03179824561403509 0.057829759584145546
0 0.013249269005847953 0.7834632878492528 0.02631578947368421 0.05880441845354126
0 0.29696637426900585 0.09405458089668615 0.01918859649122807 0.03216374269005848
0 0.8697002923976608 0.9822936972059779 0.03289473684210526 0.03541260558804418
0 0.24698464912280702 0.3401559454191033 0.020285087719298246 0.036712150747238464
0 0.12701023391812866 0.2553606237816764 0.03618421052631579 0.04775828460038986
0 0.2650767543859649 0.5251786874593892 0.03070175438596491 0.05458089668615984
0 0.06661184210526316 0.19996751137102015 0.020833333333333332 0.038011695906432746
0 0.35060307017543857 0.9879792072774529 0.028143274853801168 0.024041585445094216
0 0.5564692982456141 0.2797270955165692 0.015350877192982455 0.028914879792072773
0 0.09612573099415204 0.12231968810916179 0.01864035087719298 0.03183885640025991
0 0.9694809941520468 0.9267381416504223 0.025219298245614034 0.03931124106562703
0 0.9055190058479532 0.5157569850552307 0.017543859649122806 0.030539311241065625
0 0.03042763157894737 0.021280051981806367 0.022112573099415205 0.03931124106562703
0 0.6951754385964912 0.33528265107212474 0.01114766081871345 0.023716699155295645
0 0.39226973684210525 0.7852501624431449 0.03271198830409357 0.06107862248213125
0 0.7299890350877193 0.3226120857699805 0.017178362573099414 0.03216374269005848
0 0.006761695906432748 0.5833333333333334 0.013523391812865496 0.04580896686159844
0 0.2749451754385965 0.47823261858349575 0.017543859649122806 0.030539311241065625
0 0.4722222222222222 0.24382716049382716 0.012975146198830409 0.02664067576348278
0 0.45285087719298245 0.4346978557504873 0.019554093567251463 0.03866146848602989
0 0.05911915204678363 0.9861923326835608 0.03874269005847953 0.02761533463287849
0 0.9471856725146199 0.7966211825860948 0.03508771929824561 0.06140350877192982
0 0.3519736842105263 0.5763482781026641 0.015716374269005847 0.02664067576348278
0 0.5471491228070176 0.046946068875893435 0.02448830409356725 0.044184535412605586
0 0.3567251461988304 0.06351526965562053 0.014437134502923976 0.02729044834307992
0 0.7660818713450293 0.22660818713450293 0.02320906432748538 0.03996101364522417
0 0.24972587719298245 0.11809616634178037 0.01644736842105263 0.03248862897985705
0 0.9100877192982456 0.24285250162443145 0.02138157894736842 0.036387264457439894
0 0.08662280701754387 0.16861598440545808 0.0356359649122807 0.05490578297595841
0 0.3898940058479532 0.2566601689408707 0.021198830409356724 0.03443794671864847
0 0.4209612573099415 0.5123456790123457 0.01864035087719298 0.03151397011046134
0 0.389437134502924 0.3643599740090968 0.02046783625730994 0.036387264457439894
0 0.7225877192982456 0.2945094217024042 0.01827485380116959 0.04093567251461988
0 0.8474963450292398 0.6189083820662769 0.024853801169590642 0.04808317089018843
0 0.024762426900584795 0.15432098765432098 0.03344298245614035 0.05977907732293697
0 0.3358004385964912 0.29028589993502274 0.02412280701754386 0.04710851202079272
0 0.5951206140350878 0.4501299545159194 0.027777777777777776 0.04743339831059129
0 0.12563961988304093 0.09714100064977257 0.015350877192982455 0.02631578947368421
0 0.7558479532163743 0.5396361273554257 0.031980994152046784 0.051007147498375566
0 0.10782163742690058 0.2854126055880442 0.02942251461988304 0.04873294346978557
0 0.7807017543859649 0.11078622482131253 0.027777777777777776 0.05620532813515269
0 0.453125 0.30458089668615984 0.020650584795321638 0.04093567251461988
0 0.4184027777777778 0.2079272254710851 0.013523391812865496 0.028265107212475632
0 0.02046783625730994 0.059941520467836254 0.025950292397660817 0.049707602339181284
0 0.6125730994152047 0.3019818063677713 0.011695906432748537 0.0198180636777128
0 0.9497441520467836 0.413417803768681 0.03399122807017544 0.05912930474333983
0 0.45687134502923976 0.399772579597141 0.012792397660818713 0.025341130604288498
0 0.5994152046783626 0.1398635477582846 0.036915204678362575 0.05977907732293697
0 0.5050255847953217 0.22644574398960363 0.013888888888888888 0.024691358024691357
0 0.6560672514619883 0.2888239116309292 0.015716374269005847 0.03183885640025991
0 0.4441703216374269 0.011208576998050682 0.02266081871345029 0.022417153996101363
0 0.018457602339181287 0.201591942820013 0.035818713450292396 0.056530214424951264
0 0.926078216374269 0.3308966861598441 0.03252923976608187 0.06205328135152696
0 0.8382675438596491 0.7699805068226121 0.02722953216374269 0.05360623781676413
0 0.3209978070175439 0.50909681611436 0.02448830409356725 0.04808317089018843
0 0.07702850877192982 0.8010071474983755 0.023574561403508772 0.03541260558804418
0 0.5136147660818714 0.017218973359324236 0.027777777777777776 0.03443794671864847
0 0.5531798245614035 0.584307992202729 0.017909356725146198 0.028914879792072773
0 0.12152777777777778 0.625893437296946 0.021564327485380116 0.037037037037037035
0 0.3515168128654971 0.4978882391163093 0.018092105263157895 0.03378817413905133
0 0.15305190058479531 0.7910981156595192 0.02942251461988304 0.04775828460038986
0 0.059667397660818716 0.24074074074074073 0.028691520467836257 0.04873294346978557
0 0.23711622807017543 0.6608187134502924 0.016264619883040937 0.028589993502274202
0 0.8031798245614035 0.3235867446393762 0.015899122807017545 0.028265107212475632
0 0.7272478070175439 0.7257959714100065 0.03271198830409357 0.05263157894736842
0 0.6578033625730995 0.8726445743989604 0.014802631578947368 0.028265107212475632
0 0.7324561403508771 0.46068875893437294 0.014985380116959063 0.025666016894087068
0 0.7341922514619883 0.4075698505523067 0.0356359649122807 0.06400259909031839
0 0.12006578947368421 0.12345679012345678 0.01918859649122807 0.03313840155945419
0 0.6351425438596491 0.29548408057179987 0.01644736842105263 0.02761533463287849
0 0.6546966374269005 0.8201754385964912 0.01699561403508772 0.029239766081871343
0 0.3972039473684211 0.31237816764132553 0.01516812865497076 0.02599090318388564
0 0.7859100877192983 0.32001299545159195 0.020285087719298246 0.0341130604288499
0 0.18430190058479531 0.6005523066926576 0.03033625730994152 0.0539311241065627
0 0.761421783625731 0.14262508122157244 0.014071637426900584 0.024691358024691357
0 0.1181469298245614 0.040773229369720596 0.01882309941520468 0.03281351526965562
0 0.2873720760233918 0.15984405458089668 0.01644736842105263 0.03378817413905133
0 0.4578764619883041 0.08609486679662118 0.017909356725146198 0.03313840155945419
0 0.047605994152046784 0.6967186484730344 0.019736842105263157 0.030864197530864196
0 0.38477704678362573 0.11062378167641325 0.018092105263157895 0.0341130604288499
0 0.5809576023391813 0.06692657569850552 0.01114766081871345 0.025666016894087068
0 0.029239766081871343 0.4117933723196881 0.03490497076023392 0.05523066926575698
0 0.6552448830409356 0.4889538661468486 0.02540204678362573 0.050032488628979854
0 0.8892543859649122 0.8138401559454191 0.022478070175438597 0.03833658219623132
0 0.03481359649122807 0.8560753736192332 0.01608187134502924 0.030214424951267055
0 0.29797149122807015 0.2941845354126056 0.017178362573099414 0.030539311241065625
0 0.22642543859649122 0.9683235867446394 0.034722222222222224 0.06237816764132553
0 0.6768092105263158 0.39116309291747886 0.02010233918128655 0.03183885640025991
0 0.10836988304093567 0.40578297595841456 0.023940058479532164 0.04483430799220273
0 0.8226425438596491 0.5943794671864847 0.022112573099415205 0.038011695906432746
0 0.21747076023391812 0.18583495776478232 0.01663011695906433 0.02761533463287849
0 0.8273026315789473 0.199317738791423 0.016264619883040937 0.03151397011046134
0 0.6358735380116959 0.924788823911631 0.019736842105263157 0.03476283300844704
0 0.35014619883040937 0.3141650422352177 0.012975146198830409 0.024366471734892786
0 0.7064144736842105 0.4139051332033788 0.01644736842105263 0.02729044834307992
0 0.6023391812865497 0.9715724496426251 0.020650584795321638 0.036062378167641324
0 0.5975877192982456 0.04126055880441845 0.014071637426900584 0.025666016894087068
0 0.16575292397660818 0.764782326185835 0.03837719298245614 0.05847953216374269
0 0.25146198830409355 0.6390513320337882 0.023574561403508772 0.04028589993502274
0 0.28015350877192985 0.18924626380766732 0.01864035087719298 0.036062378167641324
0 0.6790021929824561 0.2555230669265757 0.0222953216374269 0.037361923326835605
0 0.2893823099415205 0.5737491877842755 0.017543859649122806 0.02761533463287849
0 0.4919590643274854 0.9018843404808317 0.03033625730994152 0.05263157894736842
0 0.11403508771929824 0.33203378817413903 0.021564327485380116 0.036062378167641324
0 0.23327850877192982 0.7446393762183235 0.014802631578947368 0.02794022092267706
0 0.5012792397660819 0.1608187134502924 0.02266081871345029 0.03346328784925276
0 0.654422514619883 0.9205653021442495 0.021929824561403508 0.03183885640025991
0 0.355171783625731 0.26819363222871995 0.02284356725146199 0.04775828460038986
0 0.46728801169590645 0.949317738791423 0.023391812865497075 0.04061078622482131
0 0.41812865497076024 0.3058804418453541 0.014802631578947368 0.025341130604288498
0 0.47304459064327486 0.336582196231319 0.016264619883040937 0.02794022092267706
0 0.4527595029239766 0.4962638076673164 0.013888888888888888 0.023391812865497075
0 0.5896381578947368 0.27826510721247566 0.010782163742690058 0.024041585445094216
0 0.30327119883040937 0.2651072124756335 0.021564327485380116 0.03931124106562703
0 0.76078216374269 0.341130604288499 0.028691520467836257 0.051007147498375566
0 0.39418859649122806 0.18664717348927876 0.019919590643274854 0.030539311241065625
0 0.19718567251461988 0.5040610786224822 0.012975146198830409 0.022742040285899934
0 0.2805190058479532 0.27030539311241064 0.0266812865497076 0.04710851202079272
0 0.626827485380117 0.24593892137751786 0.019736842105263157 0.03346328784925276
0 0.04532163742690058 0.05620532813515269 0.027046783625730993 0.04548408057179987
0 0.1164108187134503 0.646361273554256 0.023026315789473683 0.03541260558804418
0 0.47094298245614036 0.8999350227420403 0.017543859649122806 0.03216374269005848
0 0.08488669590643275 0.9871669915529565 0.029788011695906433 0.025666016894087068
0 0.8785635964912281 0.2709551656920078 0.033625730994152045 0.05555555555555555
0 0.9238852339181286 0.17153996101364521 0.03125 0.05490578297595841
0 0.4940606725146199 0.19249512670565302 0.01023391812865497 0.023391812865497075
0 0.5085891812865497 0.34616634178037686 0.02905701754385965 0.04710851202079272
0 0.4088998538011696 0.19200779727095516 0.01699561403508772 0.03151397011046134
0 0.4838267543859649 0.6033138401559455 0.017726608187134504 0.03508771929824561
0 0.7470760233918129 0.3005198180636777 0.021747076023391813 0.04256010396361273
0 0.6332236842105263 0.5771604938271605 0.016264619883040937 0.02664067576348278
0 0.44672880116959063 0.16114359974009096 0.01864035087719298 0.031189083820662766
0 0.6366959064327485 0.23538011695906433 0.00932017543859649 0.022417153996101363
0 0.7563048245614035 0.7871994801819363 0.021564327485380116 0.04191033138401559
0 0.5822368421052632 0.2969460688758934 0.01644736842105263 0.030539311241065625
0 0.6229897660818714 0.2852501624431449 0.01827485380116959 0.03183885640025991
0 0.5469663742690059 0.8117283950617284 0.025584795321637425 0.0451591942820013
0 0.1004203216374269 0.24805068226120858 0.014802631578947368 0.023391812865497075
0 0.31834795321637427 0.8148148148148148 0.014985380116959063 0.024691358024691357
0 0.6241776315789473 0.26526965562053284 0.014619883040935672 0.025016244314489927
0 0.736202485380117 0.7517868745938922 0.027960526315789474 0.04938271604938271
0 0.5509868421052632 0.4346978557504873 0.02101608187134503 0.0396361273554256
0 0.5627741228070176 0.21166341780376868 0.027960526315789474 0.049707602339181284
0 0.3929093567251462 0.9576023391812866 0.025219298245614034 0.050682261208576995
0 0.5682565789473685 0.15220922677063028 0.02138157894736842 0.04191033138401559
0 0.5756578947368421 0.25942170240415857 0.02905701754385965 0.050682261208576995
0 0.49552266081871343 0.1739766081871345 0.015899122807017545 0.02631578947368421
0 0.39510233918128657 0.16650422352176739 0.019554093567251463 0.02761533463287849
0 0.4418859649122807 0.1078622482131254 0.013523391812865496 0.022417153996101363
0 0.9096308479532164 0.5339506172839507 0.01663011695906433 0.02729044834307992
0 0.6530519005847953 0.38921377517868744 0.010599415204678362 0.02079272254710851
0 0.37966008771929827 0.49902534113060426 0.022112573099415205 0.03866146848602989
0 0.08287646198830409 0.6721897335932424 0.01864035087719298 0.03443794671864847
0 0.09329312865497076 0.4026965562053281 0.023574561403508772 0.04678362573099415
0 0.24451754385964913 0.24561403508771928 0.033808479532163746 0.05847953216374269
0 0.4125548245614035 0.056855100714749834 0.010964912280701754 0.030864197530864196
0 0.28764619883040937 0.5256660168940871 0.025950292397660817 0.06042884990253411
0 0.6880482456140351 0.4472059779077323 0.01644736842105263 0.028914879792072773
0 0.3360745614035088 0.1949317738791423 0.012975146198830409 0.02599090318388564
0 0.5389254385964912 0.39766081871345027 0.033808479532163746 0.056855100714749834
0 0.2738486842105263 0.06416504223521767 0.02905701754385965 0.04873294346978557
0 0.7236842105263158 0.3549382716049383 0.028691520467836257 0.048408057179987
0 0.950109649122807 0.8417803768680961 0.02722953216374269 0.04256010396361273
0 0.7706505847953217 0.7860623781676414 0.04952485380116959 0.07439896036387264
0 0.01343201754385965 0.6371020142949968 0.0268640350877193 0.06140350877192982
0 0.5889985380116959 0.9113060428849903 0.013888888888888888 0.023716699155295645
0 0.3833150584795322 0.8010071474983755 0.022112573099415205 0.043209876543209874
0 0.6079130116959064 0.08641975308641975 0.021747076023391813 0.03476283300844704
0 0.4498355263157895 0.23830409356725146 0.01864035087719298 0.03378817413905133
0 0.1808296783625731 0.30685510071474986 0.03289473684210526 0.05490578297595841
0 0.37892909356725146 0.607050032488629 0.014985380116959063 0.02664067576348278
0 0.34137426900584794 0.12800519818063677 0.021929824561403508 0.05620532813515269
0 0.5791301169590644 0.3619233268356075 0.023757309941520467 0.03866146848602989
0 0.30683479532163743 0.18762183235867447 0.015350877192982455 0.029239766081871343
0 0.04532163742690058 0.36500974658869395 0.025950292397660817 0.044184535412605586
0 0.7433296783625731 0.2678687459389214 0.02284356725146199 0.04548408057179987
0 0.11147660818713451 0.31010396361273557 0.025584795321637425 0.03996101364522417
0 0.5278691520467836 0.2475633528265107 0.01918859649122807 0.03443794671864847
0 0.8772843567251462 0.4106562703053931 0.019005847953216373 0.037686809616634176
0 0.7060489766081871 0.05295646523716699 0.013706140350877192 0.022417153996101363
0 0.5489766081871345 0.551819363222872 0.027595029239766082 0.048408057179987
0 0.4143823099415205 0.543859649122807 0.02887426900584795 0.05263157894736842
0 0.5360014619883041 0.5103963612735543 0.019736842105263157 0.03151397011046134
0 0.4571454678362573 0.2733918128654971 0.01882309941520468 0.03378817413905133
0 0.59859283625731 0.007959714100064977 0.014802631578947368 0.015919428200129954
0 0.5024671052631579 0.11517218973359324 0.01918859649122807 0.03378817413905133
0 0.6373355263157895 0.04191033138401559 0.012792397660818713 0.024041585445094216
0 0.6192434210526315 0.02257959714100065 0.017726608187134504 0.03996101364522417
0 0.5230263157894737 0.3308966861598441 0.015533625730994151 0.028265107212475632
0 0.6590826023391813 0.24155295646523717 0.018092105263157895 0.03346328784925276
0 0.533625730994152 0.5367121507472384 0.021564327485380116 0.04256010396361273
0 0.727156432748538 0.025503573749187783 0.013706140350877192 0.023391812865497075
0 0.13797514619883042 0.6743014944769331 0.02010233918128655 0.03346328784925276
0 0.25009137426900585 0.16536712150747238 0.027595029239766082 0.04483430799220273
0 0.15460526315789475 0.8242365172189734 0.0222953216374269 0.03866146848602989
0 0.8326937134502924 0.21946068875893437 0.018092105263157895 0.03443794671864847
0 0.7328216374269005 0.6885964912280702 0.0268640350877193 0.04710851202079272
0 0.8652229532163743 0.4983755685510071 0.03344298245614035 0.06302794022092267
0 0.007309941520467836 0.059616634178037684 0.014619883040935672 0.04061078622482131
0 0.28362573099415206 0.9780701754385965 0.041666666666666664 0.043859649122807015
0 0.7062317251461988 0.02940220922677063 0.015899122807017545 0.030214424951267055
0 0.7903874269005848 0.27469135802469136 0.01663011695906433 0.0341130604288499
0 0.26918859649122806 0.11955815464587394 0.01608187134502924 0.03151397011046134
0 0.07099780701754387 0.6798245614035088 0.02046783625730994 0.036712150747238464
0 0.28207236842105265 0.24041585445094216 0.029239766081871343 0.044184535412605586
0 0.3288559941520468 0.20646523716699156 0.015533625730994151 0.02794022092267706
0 0.3348866959064328 0.3505523066926576 0.0222953216374269 0.04191033138401559
0 0.3778326023391813 0.28118908382066277 0.012244152046783625 0.02794022092267706
0 0.25201023391812866 0.5908057179987004 0.021747076023391813 0.04580896686159844
0 0.7917580409356725 0.12946718648473035 0.01644736842105263 0.02729044834307992
0 0.8645833333333334 0.9166666666666666 0.02850877192982456 0.044509421702404156
0 0.3146016081871345 0.586582196231319 0.023574561403508772 0.0451591942820013
0 0.05226608187134503 0.1466861598440546 0.03033625730994152 0.058154645873944116
0 0.27613304093567254 0.29434697855750486 0.025219298245614034 0.03898635477582846
0 0.46326754385964913 0.3237491877842755 0.019736842105263157 0.03541260558804418
0 0.49433479532163743 0.08576998050682261 0.026133040935672515 0.04613385315139701
0 0.13779239766081872 0.2886614684860299 0.020285087719298246 0.037361923326835605
0 0.605171783625731 0.06254061078622482 0.022112573099415205 0.04093567251461988
0 0.7983369883040936 0.39035087719298245 0.014437134502923976 0.024691358024691357
0 0.4184027777777778 0.1772254710851202 0.016264619883040937 0.029239766081871343
0 0.32894736842105265 0.5328135152696556 0.022478070175438597 0.04093567251461988
0 0.45303362573099415 0.3414554905782976 0.010782163742690058 0.024366471734892786
0 0.7138157894736842 0.9485055230669266 0.015533625730994151 0.028265107212475632
0 0.8969298245614035 0.9827810266406758 0.03782894736842105 0.03443794671864847
0 0.7881030701754386 0.02452891487979207 0.027595029239766082 0.048408057179987
0 0.4253472222222222 0.5326510721247564 0.0133406432748538 0.028265107212475632
0 0.7983369883040936 0.5722871994801819 0.0222953216374269 0.0396361273554256
0 0.39903143274853803 0.4152046783625731 0.01864035087719298 0.04580896686159844
0 0.21098318713450293 0.17137751786874594 0.015716374269005847 0.02696556205328135
0 0.46381578947368424 0.42300194931773877 0.016264619883040937 0.03313840155945419
0 0.5157163742690059 0.5877192982456141 0.019554093567251463 0.03216374269005848
0 0.34457236842105265 0.4714100064977258 0.021929824561403508 0.03573749187784275
0 0.35096856725146197 0.02452891487979207 0.011513157894736841 0.024041585445094216
0 0.5047514619883041 0.2608836907082521 0.017178362573099414 0.03183885640025991
0 0.07657163742690058 0.025503573749187783 0.022478070175438597 0.04061078622482131
0 0.04285453216374269 0.20597790773229369 0.01864035087719298 0.03346328784925276
0 0.09265350877192982 0.8091293047433399 0.02138157894736842 0.04580896686159844
0 0.8923611111111112 0.193632228719948 0.02284356725146199 0.04126055880441845
0 0.16054459064327486 0.30328135152696556 0.031432748538011694 0.04678362573099415
0 0.30007309941520466 0.3183885640025991 0.019005847953216373 0.036712150747238464
0 0.47423245614035087 0.42543859649122806 0.01699561403508772 0.03313840155945419
0 0.5037463450292398 0.4834307992202729 0.01663011695906433 0.02729044834307992
0 0.4624451754385965 0.38336582196231317 0.014619883040935672 0.028265107212475632
0 0.7238669590643275 0.11712150747238466 0.017361111111111112 0.03346328784925276
0 0.5522660818713451 0.08057179987004548 0.030153508771929825 0.049707602339181284
0 0.7587719298245614 0.21215074723846652 0.012609649122807017 0.022417153996101363
0 0.7754020467836257 0.26721897335932426 0.03326023391812866 0.06172839506172839
0 0.10928362573099415 0.025178687459389212 0.024305555555555556 0.04905782975958414
0 0.23291301169590642 0.33430799220272905 0.016264619883040937 0.030539311241065625
0 0.7140899122807017 0.3161143599740091 0.01864035087719298 0.030214424951267055
0 0.6539656432748538 0.44996751137102015 0.02266081871345029 0.044184535412605586
0 0.9364035087719298 0.5082846003898636 0.01699561403508772 0.03313840155945419
0 0.133406432748538 0.31026640675763484 0.02887426900584795 0.042884990253411304
0 0.9222404970760234 0.9126055880441846 0.02138157894736842 0.03443794671864847
0 0.24899488304093567 0.23635477582846004 0.02284356725146199 0.03508771929824561
0 0.5590277777777778 0.9410331384015594 0.01864035087719298 0.03281351526965562
0 0.7018457602339181 0.2334307992202729 0.022478070175438597 0.04158544509421702
0 0.8881578947368421 0.9355100714749838 0.019371345029239765 0.03833658219623132
0 0.27869152046783624 0.020305393112410655 0.023757309941520467 0.03931124106562703
0 0.7994334795321637 0.5526315789473685 0.027412280701754384 0.04938271604938271
0 0.7033991228070176 0.27923976608187134 0.013523391812865496 0.025016244314489927
0 0.6697733918128655 0.6164717348927875 0.020650584795321638 0.044184535412605586
0 0.4291849415204678 0.33755685510071476 0.012426900584795321 0.021442495126705652
0 0.4241593567251462 0.32407407407407407 0.013523391812865496 0.023066926575698504
0 0.779422514619883 0.388401559454191 0.01663011695906433 0.02729044834307992
0 0.7753106725146199 0.2202729044834308 0.013888888888888888 0.02599090318388564
0 0.7071454678362573 0.3019818063677713 0.02101608187134503 0.03931124106562703
0 0.16036184210526316 0.4218648473034438 0.019919590643274854 0.03833658219623132
0 0.4292763157894737 0.47205977907732294 0.01206140350877193 0.02761533463287849
0 0.9186769005847953 0.42576348278102666 0.01663011695906433 0.030214424951267055
0 0.08899853801169591 0.49366471734892786 0.04075292397660819 0.0714749837556855
0 0.7233187134502924 0.708414554905783 0.04842836257309942 0.08674463937621832
0 0.899671052631579 0.6905458089668616 0.025950292397660817 0.04028589993502274
0 0.8984831871345029 0.5999025341130604 0.02046783625730994 0.03508771929824561
0 0.6567982456140351 0.015107212475633527 0.0268640350877193 0.030214424951267055
0 0.9163925438596491 0.2774528914879792 0.029970760233918127 0.0539311241065627
0 0.8384502923976608 0.7543859649122807 0.03837719298245614 0.07862248213125406
0 0.801078216374269 0.23359324236517218 0.019919590643274854 0.03931124106562703
0 0.023574561403508772 0.43729694606887587 0.029970760233918127 0.0451591942820013
0 0.7374817251461988 0.24382716049382716 0.018457602339181287 0.03443794671864847
0 0.07255116959064327 0.5365497076023392 0.03289473684210526 0.04873294346978557
0 0.7691885964912281 0.7361923326835608 0.035818713450292396 0.05523066926575698
0 0.08561769005847954 0.03898635477582846 0.022112573099415205 0.037686809616634176
0 0.363578216374269 0.10103963612735542 0.018092105263157895 0.03281351526965562
0 0.6832054093567251 0.573424301494477 0.03728070175438596 0.057504873294346975
0 0.5010964912280702 0.23862897985705003 0.013706140350877192 0.024041585445094216
0 0.18210891812865498 0.6408382066276803 0.021198830409356724 0.0341130604288499
0 0.3694261695906433 0.06075373619233268 0.013888888888888888 0.028914879792072773
0 0.8652229532163743 0.7880116959064327 0.028691520467836257 0.043534762833008445
0 0.5768457602339181 0.4563027940220923 0.012609649122807017 0.02631578947368421
0 0.7848135964912281 0.23911630929174787 0.012975146198830409 0.02664067576348278
0 0.2766812865497076 0.8291098115659519 0.015899122807017545 0.029889538661468484
0 0.49936038011695905 0.31806367771280053 0.01425438596491228 0.02599090318388564
0 0.453125 0.5173814165042235 0.012792397660818713 0.021767381416504222
0 0.6904239766081871 0.6254061078622483 0.01425438596491228 0.021767381416504222
0 0.2136330409356725 0.4501299545159194 0.022112573099415205 0.03833658219623132
0 0.3199926900584795 0.008609486679662118 0.014071637426900584 0.017218973359324236
0 0.2819809941520468 0.3174139051332034 0.018457602339181287 0.036062378167641324
0 0.21774488304093567 0.0297270955165692 0.01608187134502924 0.02696556205328135
0 0.08141447368421052 0.9035087719298246 0.0222953216374269 0.04093567251461988
0 0.7069627192982456 0.7176738141650423 0.02942251461988304 0.049707602339181284
0 0.09329312865497076 0.07586094866796621 0.019919590643274854 0.04093567251461988
0 0.781889619883041 0.5869070825211176 0.014802631578947368 0.02729044834307992
0 0.463358918128655 0.03216374269005848 0.01663011695906433 0.028265107212475632
0 0.059484649122807015 0.5043859649122807 0.036366959064327485 0.05912930474333983
0 0.5158991228070176 0.4428200129954516 0.01699561403508772 0.03476283300844704
0 0.46189692982456143 0.06189083820662768 0.013523391812865496 0.023066926575698504
0 0.8548976608187134 0.2621832358674464 0.014619883040935672 0.023391812865497075
0 0.6918859649122807 0.050357374918778425 0.017543859649122806 0.03378817413905133
0 0.15369152046783627 0.22595841455490578 0.016812865497076022 0.025666016894087068
0 0.5647843567251462 0.5695256660168941 0.011330409356725146 0.022417153996101363
0 0.6385233918128655 0.5120207927225471 0.026498538011695907 0.05295646523716699
0 0.6843932748538012 0.5129954515919428 0.011878654970760233 0.0198180636777128
0 0.6572551169590644 0.2212475633528265 0.03508771929824561 0.06465237166991553
0 0.4692982456140351 0.3567251461988304 0.017909356725146198 0.03443794671864847
0 0.20915570175438597 0.1200454840805718 0.024853801169590642 0.044509421702404156
0 0.3932748538011696 0.051007147498375566 0.02631578947368421 0.04678362573099415
0 0.10809576023391813 0.8611111111111112 0.031980994152046784 0.06335282651072124
0 0.00758406432748538 0.8427550357374919 0.01516812865497076 0.04580896686159844
0 0.8085709064327485 0.23944119558154645 0.033625730994152045 0.05620532813515269
0 0.6769005847953217 0.28687459389213776 0.02942251461988304 0.04743339831059129
0 0.9132858187134503 0.5547433398310592 0.023026315789473683 0.04126055880441845
0 0.4129203216374269 0.09941520467836257 0.028143274853801168 0.05165692007797271
0 0.7119883040935673 0.11046133853151396 0.02448830409356725 0.04191033138401559
0 0.9131944444444444 0.5121832358674464 0.0360014619883041 0.06205328135152696
0 0.3077485380116959 0.04532163742690058 0.013706140350877192 0.02111760883690708
0 0.5910087719298246 0.10477582846003898 0.02138157894736842 0.03573749187784275
0 0.4152046783625731 0.16910331384015595 0.0268640350877193 0.04938271604938271
0 0.528874269005848 0.1375893437296946 0.01608187134502924 0.029889538661468484
0 0.3100328947368421 0.03070175438596491 0.010782163742690058 0.02046783625730994
0 0.027869152046783627 0.23846653671215073 0.029605263157894735 0.04645873944119558
0 0.6204312865497076 0.5308641975308642 0.01114766081871345 0.024041585445094216
0 0.7943165204678363 0.74317738791423 0.023391812865497075 0.04223521767381416
0 0.3423793859649123 0.06562703053931124 0.020833333333333332 0.0396361273554256
0 0.576297514619883 0.4327485380116959 0.011878654970760233 0.024691358024691357
0 0.5789473684210527 0.18307342430149448 0.008589181286549707 0.01916829109811566
0 0.33433845029239767 0.4117933723196881 0.017361111111111112 0.03183885640025991
0 0.9001279239766082 0.4980506822612086 0.016812865497076022 0.02696556205328135
0 0.3053728070175439 0.011858349577647823 0.015350877192982455 0.023716699155295645
0 0.840734649122807 0.20337881741390512 0.02284356725146199 0.04158544509421702
0 0.36175073099415206 0.21280051981806367 0.01663011695906433 0.031189083820662766
0 0.3336988304093567 0.23684210526315788 0.022478070175438597 0.03508771929824561
0 0.30180921052631576 0.145224171539961 0.014071637426900584 0.02761533463287849
0 0.7474415204678363 0.0099090318388564 0.01516812865497076 0.0198180636777128
0 0.7006578947368421 0.3994476933073424 0.020650584795321638 0.03573749187784275
0 0.19709429824561403 0.5407732293697206 0.017726608187134504 0.03476283300844704
0 0.6049890350877193 0.19801819363222872 0.031067251461988302 0.04808317089018843
0 0.828764619883041 0.42560103963612733 0.011878654970760233 0.022417153996101363
0 0.7602339181286549 0.008609486679662118 0.01516812865497076 0.017218973359324236
0 0.3229166666666667 0.30376868096166343 0.017543859649122806 0.030864197530864196
0 0.3117690058479532 0.5966536712150747 0.015533625730994151 0.02599090318388564
0 0.4541301169590643 0.5370370370370371 0.019736842105263157 0.036712150747238464
0 0.3999451754385965 0.009421702404158544 0.013888888888888888 0.018518518518518517
0 0.684484649122807 0.5373619233268356 0.02887426900584795 0.04808317089018843
0 0.7139985380116959 0.30669265756985054 0.03399122807017544 0.06140350877192982
0 0.7848135964912281 0.7145873944119558 0.01608187134502924 0.030539311241065625
0 0.7129020467836257 0.2733918128654971 0.012792397660818713 0.024691358024691357
0 0.24762426900584794 0.2551981806367771 0.017543859649122806 0.02794022092267706
0 0.9112755847953217 0.28476283300844707 0.014985380116959063 0.02599090318388564
0 0.7906615497076024 0.3512020792722547 0.019554093567251463 0.04028589993502274
0 0.9144736842105263 0.7594217024041585 0.028143274853801168 0.050357374918778425
0 0.4039656432748538 0.7997076023391813 0.020285087719298246 0.04743339831059129
0 0.7201206140350878 0.38141650422352175 0.016812865497076022 0.03183885640025991
0 0.6380665204678363 0.5583170890188434 0.014985380116959063 0.02729044834307992
0 0.32300804093567254 0.33723196881091616 0.011878654970760233 0.023716699155295645
0 0.6438230994152047 0.3505523066926576 0.014985380116959063 0.02664067576348278
0 0.353983918128655 0.14165042235217673 0.016264619883040937 0.02729044834307992
0 0.7231359649122807 0.012020792722547108 0.02010233918128655 0.024041585445094216
0 0.8071089181286549 0.41358024691358025 0.027777777777777776 0.04483430799220273
0 0.34649122807017546 0.16877842755035738 0.013888888888888888 0.025016244314489927
0 0.42461622807017546 0.3937621832358674 0.030519005847953216 0.05360623781676413
0 0.32958698830409355 0.2626705653021443 0.020285087719298246 0.036712150747238464
0 0.5319809941520468 0.49090318388564 0.023574561403508772 0.036062378167641324
0 0.5879934210526315 0.6353151397011046 0.013523391812865496 0.02729044834307992
0 0.7098866959064327 0.06855100714749837 0.011878654970760233 0.023391812865497075
0 0.6158625730994152 0.9623131903833658 0.02448830409356725 0.04093567251461988
0 0.6807383040935673 0.4660493827160494 0.014619883040935672 0.024041585445094216
0 0.9322916666666666 0.3788174139051332 0.015350877192982455 0.02599090318388564
0 0.0379203216374269 0.3867771280051982 0.023940058479532164 0.043209876543209874
0 0.6516812865497076 0.5350877192982456 0.02101608187134503 0.03573749187784275
0 0.33086622807017546 0.49122807017543857 0.019554093567251463 0.04028589993502274
0 0.8005299707602339 0.10640025990903183 0.01516812865497076 0.028914879792072773
0 0.5803179824561403 0.04613385315139701 0.017726608187134504 0.030864197530864196
0 0.28252923976608185 0.894087069525666 0.013157894736842105 0.024691358024691357
0 0.4494700292397661 0.9013970110461339 0.017361111111111112 0.029239766081871343
0 0.0691703216374269 0.6444119558154646 0.014437134502923976 0.023066926575698504
0 0.6099232456140351 0.5264782326185835 0.01644736842105263 0.028914879792072773
0 0.735014619883041 0.3713450292397661 0.01516812865497076 0.028265107212475632
0 0.6108369883040936 0.22319688109161792 0.010782163742690058 0.02631578947368421
0 0.8182565789473685 0.09096816114359974 0.012609649122807017 0.024691358024691357
0 0.5590277777777778 0.29922027290448344 0.010416666666666666 0.018843404808317088
0 0.5058479532163743 0.37491877842755034 0.022112573099415205 0.037037037037037035
0 0.7308114035087719 0.4411955815464587 0.013157894736842105 0.025341130604288498
0 0.8941885964912281 0.8260233918128655 0.03271198830409357 0.05880441845354126
0 0.18357090643274854 0.8427550357374919 0.027412280701754384 0.03866146848602989
0 0.9443530701754386 0.3107537361923327 0.021747076023391813 0.0396361273554256
0 0.38578216374269003 0.30360623781676416 0.012426900584795321 0.029889538661468484
0 0.6291118421052632 0.310916179337232 0.01699561403508772 0.028265107212475632
0 0.5039290935672515 0.5513320337881742 0.01663011695906433 0.03216374269005848
0 0.796235380116959 0.35233918128654973 0.03179824561403509 0.05165692007797271
0 0.2965095029239766 0.9686484730344379 0.02046783625730994 0.038011695906432746
0 0.634046052631579 0.99090318388564 0.02540204678362573 0.018193632228719947
0 0.8513340643274854 0.11874593892137751 0.02905701754385965 0.050357374918778425
0 0.014163011695906433 0.012508122157244964 0.02320906432748538 0.024691358024691357
0 0.04751461988304093 0.33219623131903836 0.02631578947368421 0.04483430799220273
0 0.576297514619883 0.011371020142949967 0.021198830409356724 0.022742040285899934
0 0.9308296783625731 0.4166666666666667 0.017543859649122806 0.03313840155945419
0 0.27284356725146197 0.45971410006497726 0.020285087719298246 0.03476283300844704
0 0.7944078947368421 0.2985705003248863 0.020285087719298246 0.03346328784925276
0 0.29349415204678364 0.5069850552306693 0.01516812865497076 0.02696556205328135
0 0.5694444444444444 0.26705653021442494 0.01663011695906433 0.031189083820662766
0 0.8042763157894737 0.08836907082521117 0.025950292397660817 0.043209876543209874
0 0.7899305555555556 0.05328135152696556 0.014985380116959063 0.028265107212475632
0 0.9446271929824561 0.5986029889538661 0.019554093567251463 0.044509421702404156
0 0.5988669590643275 0.41325536062378165 0.01516812865497076 0.0341130604288499
0 0.4215095029239766 0.25909681611436 0.010599415204678362 0.022092267706302793
0 0.5982273391812866 0.6401884340480831 0.01663011695906433 0.03378817413905133
0 0.7637061403508771 0.1627680311890838 0.013706140350877192 0.023716699155295645
0 0.416483918128655 0.0726120857699805 0.013157894736842105 0.0198180636777128
0 0.21555190058479531 0.639538661468486 0.014802631578947368 0.023066926575698504
0 0.5818713450292398 0.0352501624431449 0.023574561403508772 0.05425601039636127
0 0.7378472222222222 0.4428200129954516 0.013523391812865496 0.02599090318388564
0 0.4529422514619883 0.18421052631578946 0.026133040935672515 0.04873294346978557
0 0.9757858187134503 0.02111760883690708 0.027595029239766082 0.04223521767381416
0 0.558296783625731 0.0352501624431449 0.017909356725146198 0.028265107212475632
0 0.6434576023391813 0.5287524366471735 0.035818713450292396 0.06400259909031839
0 0.24113669590643275 0.3258609486679662 0.022478070175438597 0.04191033138401559
0 0.6763523391812866 0.3284600389863548 0.012244152046783625 0.022417153996101363
0 0.5358187134502924 0.9327485380116959 0.018457602339181287 0.03281351526965562
0 0.7132675438596491 0.43534762833008445 0.0133406432748538 0.023066926575698504
0 0.1453764619883041 0.21767381416504222 0.013706140350877192 0.023716699155295645
0 0.5180921052631579 0.1652046783625731 0.014802631578947368 0.025016244314489927
0 0.5505299707602339 0.11354775828460038 0.02284356725146199 0.036062378167641324
0 0.6196089181286549 0.7753411306042886 0.026498538011695907 0.048408057179987
0 0.5686220760233918 0.1177712800519818 0.01114766081871345 0.01916829109811566
0 0.2744883040935672 0.21182586094866795 0.010782163742690058 0.023066926575698504
0 0.5190058479532164 0.10526315789473684 0.015899122807017545 0.028265107212475632
0 0.8975694444444444 0.46426250812215725 0.019005847953216373 0.031189083820662766
0 0.6841191520467836 0.023391812865497075 0.015533625730994151 0.030214424951267055
0 0.9318347953216374 0.4403833658219623 0.020833333333333332 0.03476283300844704
0 0.005025584795321637 0.9658869395711501 0.010051169590643274 0.05458089668615984
0 0.32666301169590645 0.4692982456140351 0.01425438596491228 0.024041585445094216
0 0.6157711988304093 0.22108512020792723 0.011695906432748537 0.024041585445094216
0 0.27421418128654973 0.9811565951916829 0.023391812865497075 0.037686809616634176
0 0.31012426900584794 0.21068875893437297 0.00932017543859649 0.016244314489928524
0 0.6513157894736842 0.21198830409356725 0.020833333333333332 0.037686809616634176
0 0.0222953216374269 0.3775178687459389 0.03618421052631579 0.049707602339181284
0 0.5237573099415205 0.41650422352176736 0.022112573099415205 0.04483430799220273
0 0.5957602339181286 0.5475958414554906 0.019736842105263157 0.03313840155945419
0 0.9483735380116959 0.7629954515919428 0.024853801169590642 0.03541260558804418
0 0.5981359649122807 0.034600389863547756 0.023940058479532164 0.04548408057179987
0 0.8850511695906432 0.2277452891487979 0.015533625730994151 0.029889538661468484
0 0.627375730994152 0.8032813515269656 0.017909356725146198 0.031189083820662766
0 0.33881578947368424 0.08836907082521117 0.018092105263157895 0.03508771929824561
0 0.1994700292397661 0.00649772579597141 0.01918859649122807 0.01299545159194282
0 0.8050073099415205 0.197043534762833 0.013706140350877192 0.024366471734892786
0 0.8195358187134503 0.13531513970110462 0.03307748538011696 0.06432748538011696
0 0.5007309941520468 0.3737816764132554 0.012792397660818713 0.02761533463287849
0 0.23428362573099415 0.36533463287849255 0.014619883040935672 0.028914879792072773
0 0.9503837719298246 0.49691358024691357 0.022112573099415205 0.036387264457439894
0 0.8258406432748538 0.16228070175438597 0.027595029239766082 0.05295646523716699
0 0.6427266081871345 0.3934372969460689 0.013157894736842105 0.02664067576348278
0 0.5141630116959064 0.13304093567251463 0.021198830409356724 0.037037037037037035
0 0.45897295321637427 0.897498375568551 0.019005847953216373 0.03183885640025991
0 0.9560489766081871 0.5474333983105913 0.031615497076023395 0.05425601039636127
0 0.23355263157894737 0.7620207927225471 0.012609649122807017 0.022417153996101363
0 0.6215277777777778 0.4150422352176738 0.019005847953216373 0.036062378167641324
0 0.7553910818713451 0.5729369720597791 0.027412280701754384 0.04223521767381416
0 0.46427266081871343 0.11614684860298895 0.026498538011695907 0.04938271604938271
0 0.6653874269005848 0.3438921377517869 0.014619883040935672 0.028914879792072773
0 0.7047697368421053 0.2555230669265757 0.025950292397660817 0.04873294346978557
0 0.5710891812865497 0.18567251461988304 0.015716374269005847 0.029889538661468484
0 0.5275036549707602 0.4566276803118908 0.01516812865497076 0.030864197530864196
0 0.14382309941520469 0.5519818063677713 0.02101608187134503 0.04905782975958414
0 0.950749269005848 0.5224171539961013 0.027046783625730993 0.03898635477582846
0 0.4980811403508772 0.521117608836907 0.011513157894736841 0.024691358024691357
0 0.908077485380117 0.7207602339181286 0.0268640350877193 0.04775828460038986
0 0.7705592105263158 0.46312540610786224 0.014802631578947368 0.02664067576348278
0 0.3951937134502924 0.6107862248213125 0.02320906432748538 0.042884990253411304
0 0.5550073099415205 0.1705653021442495 0.023391812865497075 0.04061078622482131
0 0.8397295321637427 0.23927875243664717 0.018457602339181287 0.02729044834307992
0 0.961531432748538 0.014457439896036386 0.014802631578947368 0.02631578947368421
0 0.7771381578947368 0.3697205977907732 0.01663011695906433 0.02761533463287849
0 0.8589181286549707 0.4580896686159844 0.02412280701754386 0.038011695906432746
0 0.050347222222222224 0.09665367121507472 0.03490497076023392 0.0649772579597141
0 0.5728252923976608 0.3978232618583496 0.01644736842105263 0.03281351526965562
0 0.17406798245614036 0.43128654970760233 0.014437134502923976 0.021442495126705652
0 0.6882309941520468 0.022254710851202078 0.02631578947368421 0.044509421702404156
0 0.7733918128654971 0.5378492527615335 0.012244152046783625 0.023716699155295645
0 0.026498538011695907 0.49902534113060426 0.02101608187134503 0.03216374269005848
0 0.32556652046783624 0.32115009746588696 0.018092105263157895 0.030864197530864196
0 0.960343567251462 0.23148148148148148 0.028326023391812866 0.048408057179987
0 0.6572551169590644 0.2675438596491228 0.01206140350877193 0.022742040285899934
0 0.7436038011695907 0.13515269655620532 0.017726608187134504 0.03378817413905133
0 0.8565423976608187 0.1705653021442495 0.016812865497076022 0.029239766081871343
0 0.47021198830409355 0.09519168291098115 0.015350877192982455 0.03313840155945419
0 0.5686220760233918 0.301819363222872 0.011330409356725146 0.025016244314489927
0 0.8152412280701754 0.27794022092267706 0.02448830409356725 0.04483430799220273
0 0.21070906432748537 0.9199155295646524 0.03179824561403509 0.048408057179987
0 0.8427448830409356 0.27582846003898637 0.01644736842105263 0.02664067576348278
0 0.4338450292397661 0.40464587394411955 0.013523391812865496 0.029889538661468484
0 0.44261695906432746 0.07569850552306692 0.016812865497076022 0.029889538661468484
0 0.0560124269005848 0.04028589993502274 0.02412280701754386 0.04483430799220273
0 0.47167397660818716 0.1928200129954516 0.02010233918128655 0.04613385315139701
0 0.6717836257309941 0.35233918128654973 0.024305555555555556 0.04256010396361273
0 0.24259868421052633 0.28817413905133205 0.012975146198830409 0.02696556205328135
0 0.5472404970760234 0.40464587394411955 0.021564327485380116 0.04093567251461988
0 0.8500548245614035 0.4140675763482781 0.02101608187134503 0.03346328784925276
0 0.6194261695906432 0.33771929824561403 0.031615497076023395 0.05328135152696556
0 0.41721491228070173 0.1388888888888889 0.021564327485380116 0.03898635477582846
0 0.9438961988304093 0.28687459389213776 0.02540204678362573 0.04191033138401559
0 0.5197368421052632 0.06286549707602339 0.02540204678362573 0.04873294346978557
0 0.02823464912280702 0.7077647823261858 0.026498538011695907 0.036387264457439894
0 0.44764254385964913 0.2126380766731644 0.010416666666666666 0.023716699155295645
0 0.7137244152046783 0.08820662768031189 0.013157894736842105 0.024041585445094216
0 0.24067982456140352 0.9883040935672515 0.024671052631578948 0.023391812865497075
0 0.93265716374269 0.25747238466536715 0.01608187134502924 0.028589993502274202
0 0.8905336257309941 0.1663417803768681 0.030884502923976608 0.05328135152696556
0 0.06085526315789474 0.09275503573749187 0.021198830409356724 0.042884990253411304
0 0.28691520467836257 0.03313840155945419 0.011878654970760233 0.02729044834307992
0 0.6573464912280702 0.9902534113060428 0.021929824561403508 0.01949317738791423
0 0.3900767543859649 0.010396361273554255 0.02010233918128655 0.02079272254710851
0 0.6028874269005848 0.5120207927225471 0.018457602339181287 0.03833658219623132
0 0.4442616959064328 0.13515269655620532 0.012609649122807017 0.024041585445094216
0 0.9517543859649122 0.007147498375568551 0.018092105263157895 0.014294996751137101
0 0.8594663742690059 0.36208576998050684 0.014985380116959063 0.028265107212475632
0 0.6307565789473685 0.36712150747238464 0.024853801169590642 0.04093567251461988
0 0.8926352339181286 0.018031189083820662 0.020833333333333332 0.036062378167641324
0 0.5873538011695907 0.3239116309291748 0.009502923976608187 0.015919428200129954
0 0.004660087719298245 0.11939571150097465 0.00932017543859649 0.037361923326835605
0 0.8608369883040936 0.7615334632878492 0.030519005847953216 0.051007147498375566
0 0.8061038011695907 0.11647173489278752 0.012792397660818713 0.024691358024691357
0 0.01023391812865497 0.03037686809616634 0.02046783625730994 0.04938271604938271
0 0.45933845029239767 0.2519493177387914 0.015899122807017545 0.02794022092267706
0 0.5178179824561403 0.30864197530864196 0.009502923976608187 0.016244314489928524
0 0.5171783625730995 0.9723846653671215 0.020650584795321638 0.03866146848602989
0 0.8334247076023392 0.43356075373619235 0.011878654970760233 0.023066926575698504
0 0.32894736842105265 0.41569200779727095 0.028691520467836257 0.04743339831059129
0 0.7769554093567251 0.20435347628330083 0.012975146198830409 0.023391812865497075
0 0.2671783625730994 0.2629954515919428 0.013157894736842105 0.025016244314489927
0 0.7531980994152047 0.11939571150097465 0.01644736842105263 0.030539311241065625
0 0.8850511695906432 0.05425601039636127 0.019005847953216373 0.036712150747238464
0 0.4724049707602339 0.9113060428849903 0.017909356725146198 0.043534762833008445
0 0.8859649122807017 0.41195581546458737 0.03399122807017544 0.05555555555555555
0 0.3014437134502924 0.3390188434048083 0.01425438596491228 0.029564652371669914
0 0.5536366959064327 0.19330734243014944 0.015350877192982455 0.028914879792072773
0 0.23464912280701755 0.3050682261208577 0.02631578947368421 0.03833658219623132
0 0.308296783625731 0.1585445094217024 0.011513157894736841 0.024366471734892786
0 0.5290570175438597 0.19558154645873943 0.030519005847953216 0.057504873294346975
0 0.04203216374269006 0.5659519168291098 0.03307748538011696 0.0594541910331384
0 0.4840095029239766 0.9023716699155295 0.016264619883040937 0.03476283300844704
0 0.41465643274853803 0.40578297595841456 0.016812865497076022 0.030539311241065625
0 0.24817251461988304 0.2698180636777128 0.013157894736842105 0.023716699155295645
0 0.3651315789473684 0.05555555555555555 0.019736842105263157 0.03931124106562703
0 0.49077119883040937 0.0583170890188434 0.017909356725146198 0.03216374269005848
0 0.8898940058479532 0.40919428200129954 0.02010233918128655 0.037686809616634176
0 0.23364400584795322 0.26526965562053284 0.019919590643274854 0.03898635477582846
0 0.11138523391812866 0.08073424301494476 0.017909356725146198 0.036712150747238464
0 0.8519736842105263 0.30409356725146197 0.021198830409356724 0.037037037037037035
0 0.9206871345029239 0.38174139051332034 0.01699561403508772 0.029889538661468484
0 0.1764437134502924 0.8370695256660169 0.02046783625730994 0.03866146848602989
0 0.31953581871345027 0.5527940220922677 0.014802631578947368 0.025341130604288498
0 0.5516264619883041 0.5190058479532164 0.023391812865497075 0.03866146848602989
0 0.02412280701754386 0.3138401559454191 0.021564327485380116 0.03541260558804418
0 0.3411001461988304 0.49155295646523717 0.013157894736842105 0.030214424951267055
0 0.7266995614035088 0.5779727095516569 0.013888888888888888 0.024691358024691357
0 0.6019736842105263 0.01738141650422352 0.01206140350877193 0.028589993502274202
0 0.610014619883041 0.5014619883040936 0.015533625730994151 0.02761533463287849
0 0.2675438596491228 0.0705003248862898 0.017909356725146198 0.03833658219623132
0 0.12490862573099415 0.9832683560753737 0.023026315789473683 0.03313840155945419
0 0.09630847953216375 0.5115334632878492 0.02905701754385965 0.05263157894736842
0 0.3961988304093567 0.9894411955815464 0.02850877192982456 0.02111760883690708
0 0.6936220760233918 0.5227420402859 0.013706140350877192 0.025341130604288498
0 0.612390350877193 0.8463287849252762 0.016264619883040937 0.030214424951267055
0 0.8986659356725146 0.008284600389863547 0.025767543859649123 0.016569200779727095
0 0.6370614035087719 0.2707927225471085 0.014802631578947368 0.030214424951267055
0 0.39300073099415206 0.014619883040935672 0.030519005847953216 0.029239766081871343
0 0.4670138888888889 0.5459714100064977 0.010964912280701754 0.018843404808317088
0 0.30546418128654973 0.2729044834307992 0.01425438596491228 0.025341130604288498
0 0.41191520467836257 0.10964912280701754 0.013157894736842105 0.02631578947368421
0 0.9021381578947368 0.38060428849902533 0.02503654970760234 0.04093567251461988
0 0.6617324561403509 0.037037037037037035 0.025219298245614034 0.043209876543209874
0 0.46326754385964913 0.20776478232618584 0.02101608187134503 0.036387264457439894
0 0.2034904970760234 0.20614035087719298 0.017361111111111112 0.029564652371669914
0 0.6679459064327485 0.21929824561403508 0.017543859649122806 0.031189083820662766
0 0.4483735380116959 0.2823261858349578 0.010782163742690058 0.025341130604288498
0 0.8522478070175439 0.42105263157894735 0.029239766081871343 0.05165692007797271
0 0.81734283625731 0.3062053281351527 0.013706140350877192 0.025666016894087068
0 0.2777777777777778 0.7894736842105263 0.022112573099415205 0.05847953216374269
0 0.8771929824561403 0.01397011046133853 0.017543859649122806 0.02794022092267706
0 0.8919042397660819 0.43729694606887587 0.029239766081871343 0.04873294346978557
0 0.8544407894736842 0.47514619883040937 0.014071637426900584 0.02631578947368421
0 0.6749817251461988 0.35721247563352826 0.013157894736842105 0.028265107212475632
0 0.8065606725146199 0.06107862248213125 0.01425438596491228 0.02729044834307992
0 0.7969663742690059 0.7228719948018194 0.041301169590643276 0.07992202729044834
0 0.56734283625731 0.3092917478882391 0.017178362573099414 0.04191033138401559
0 0.0335343567251462 0.46621182586094867 0.0266812865497076 0.050682261208576995
0 0.7254203216374269 0.4199155295646524 0.017361111111111112 0.031189083820662766
0 0.34923245614035087 0.13271604938271606 0.0356359649122807 0.057504873294346975
0 0.9439875730994152 0.10591293047433398 0.01864035087719298 0.03183885640025991
0 0.8703399122807017 0.244314489928525 0.0133406432748538 0.022742040285899934
0 0.5181834795321637 0.1838856400259909 0.014437134502923976 0.024366471734892786
0 0.2567616959064328 0.4902534113060429 0.015716374269005847 0.02794022092267706
0 0.5027412280701754 0.05425601039636127 0.011695906432748537 0.02631578947368421
0 0.5877192982456141 0.007797270955165692 0.015350877192982455 0.015594541910331383
0 0.24780701754385964 0.5196556205328136 0.021198830409356724 0.05263157894736842
0 0.05884502923976608 0.865009746588694 0.024853801169590642 0.03898635477582846
0 0.8194444444444444 0.3273229369720598 0.013523391812865496 0.02631578947368421
0 0.13843201754385964 0.8110786224821313 0.023574561403508772 0.051332033788174136
0 0.451937134502924 0.12475633528265107 0.01516812865497076 0.031189083820662766
0 0.4299159356725146 0.41926575698505525 0.013157894736842105 0.029564652371669914
0 0.4083516081871345 0.5667641325536062 0.017909356725146198 0.028914879792072773
0 0.6076388888888888 0.3279727095516569 0.010964912280701754 0.023391812865497075
0 0.3511513157894737 0.0099090318388564 0.012975146198830409 0.0198180636777128
0 0.3432017543859649 0.04808317089018843 0.010051169590643274 0.02079272254710851
0 0.3674159356725146 0.18356075373619232 0.012609649122807017 0.030539311241065625
0 0.9169407894736842 0.6923326835607537 0.022112573099415205 0.037686809616634176
0 0.5337171052631579 0.9811565951916829 0.03234649122807018 0.037361923326835605
0 0.4694809941520468 0.12378167641325535 0.016264619883040937 0.03151397011046134
0 0.25319809941520466 0.9327485380116959 0.017178362573099414 0.02631578947368421
0 0.5128837719298246 0.5869070825211176 0.012244152046783625 0.024691358024691357
0 0.8417397660818714 0.06319038336582196 0.013523391812865496 0.03216374269005848
0 0.39245248538011696 0.6010396361273554 0.013706140350877192 0.024691358024691357
0 0.8904422514619883 0.23862897985705003 0.01425438596491228 0.02599090318388564
0 0.3123172514619883 0.11257309941520467 0.019919590643274854 0.04028589993502274
0 0.7424159356725146 0.11468486029889538 0.013706140350877192 0.024366471734892786
0 0.3202668128654971 0.776153346328785 0.01827485380116959 0.03248862897985705
0 0.4683845029239766 0.40253411306042886 0.01114766081871345 0.022417153996101363
0 0.26571637426900585 0.7085769980506823 0.01827485380116959 0.03443794671864847
0 0.7290752923976608 0.025341130604288498 0.022112573099415205 0.036387264457439894
0 0.9105445906432749 0.149772579597141 0.025219298245614034 0.04775828460038986
0 0.5946637426900585 0.3799545159194282 0.011513157894736841 0.024366471734892786
0 0.5794956140350878 0.2543859649122807 0.02046783625730994 0.03508771929824561
0 0.6088267543859649 0.11143599740090968 0.017543859649122806 0.030864197530864196
0 0.5792214912280702 0.33105912930474335 0.018457602339181287 0.03996101364522417
0 0.611202485380117 0.28443794671864847 0.015899122807017545 0.03216374269005848
0 0.808296783625731 0.7313190383365822 0.020285087719298246 0.04093567251461988
0 0.7847222222222222 0.40951916829109813 0.011513157894736841 0.02079272254710851
0 0.45760233918128657 0.3659844054580897 0.012426900584795321 0.030214424951267055
0 0.2909356725146199 0.32781026640675764 0.015716374269005847 0.028914879792072773
0 0.0029239766081871343 0.16877842755035738 0.005847953216374269 0.03183885640025991
0 0.39939692982456143 0.10948667966211825 0.01516812865497076 0.025666016894087068
0 0.4144736842105263 0.13271604938271606 0.012244152046783625 0.023716699155295645
0 0.8938230994152047 0.3568875893437297 0.02138157894736842 0.03996101364522417
0 0.39300073099415206 0.616796621182586 0.016812865497076022 0.02794022092267706
0 0.5850694444444444 0.08544509421702404 0.012792397660818713 0.025666016894087068
0 0.6320358187134503 0.2774528914879792 0.014985380116959063 0.025666016894087068
0 0.9342105263157895 0.1465237166991553 0.03527046783625731 0.05880441845354126
0 0.9689327485380117 0.24512670565302144 0.044042397660818716 0.07634827810266406
0 0.3682383040935672 0.9301494476933073 0.021929824561403508 0.037361923326835605
0 0.3254751461988304 0.007959714100064977 0.010964912280701754 0.015919428200129954
0 0.6225328947368421 0.8646848602988954 0.021198830409356724 0.030214424951267055
0 0.5851608187134503 0.5659519168291098 0.01699561403508772 0.03281351526965562
0 0.8176169590643275 0.4775828460038986 0.01516812865497076 0.02631578947368421
0 0.2071454678362573 0.18745938921377517 0.013157894736842105 0.025016244314489927
0 0.5952119883040936 0.02664067576348278 0.013706140350877192 0.023391812865497075
0 0.4099049707602339 0.2111760883690708 0.008954678362573099 0.02111760883690708
0 0.6067251461988304 0.26608187134502925 0.012792397660818713 0.023391812865497075
0 0.034173976608187134 0.09210526315789473 0.01516812865497076 0.030864197530864196
0 0.27905701754385964 0.21231319038336582 0.02010233918128655 0.03216374269005848
0 0.3142361111111111 0.838856400259909 0.01425438596491228 0.02729044834307992
0 0.6323099415204678 0.06546458739441195 0.02284356725146199 0.03898635477582846
0 0.8002558479532164 0.3088044184535413 0.014619883040935672 0.024691358024691357
0 0.004842836257309941 0.3955490578297596 0.009685672514619883 0.057829759584145546
0 0.8643092105263158 0.437946718648473 0.018457602339181287 0.03378817413905133
0 0.6602704678362573 0.7324561403508771 0.017909356725146198 0.03216374269005848
0 0.633406432748538 0.9662118258609487 0.029970760233918127 0.06465237166991553
0 0.4195906432748538 0.32569850552306695 0.019736842105263157 0.03313840155945419
0 0.16374269005847952 0.11419753086419752 0.015716374269005847 0.024691358024691357
0 0.9415204678362573 0.008771929824561403 0.013157894736842105 0.017543859649122806
0 0.5877192982456141 0.07992202729044834 0.019371345029239765 0.03898635477582846
0 0.6576206140350878 0.5139701104613386 0.01608187134502924 0.02631578947368421
0 0.06606359649122807 0.47774528914879794 0.020650584795321638 0.03573749187784275
0 0.5079495614035088 0.05019493177387914 0.02412280701754386 0.04710851202079272
0 0.7304459064327485 0.9385964912280702 0.01644736842105263 0.021442495126705652
0 0.6330409356725146 0.005847953216374269 0.012975146198830409 0.011695906432748537
0 0.09904970760233918 0.3295971410006498 0.02101608187134503 0.043534762833008445
0 0.2254203216374269 0.40253411306042886 0.019371345029239765 0.03183885640025991
0 0.29239766081871343 0.17641325536062377 0.011330409356725146 0.023066926575698504
0 0.1272843567251462 0.37069525666016895 0.019919590643274854 0.03313840155945419
0 0.05290570175438596 0.38905133203378817 0.015350877192982455 0.028265107212475632
0 0.9420687134502924 0.3656595191682911 0.019919590643274854 0.03931124106562703
0 0.9232456140350878 0.2909356725146199 0.01918859649122807 0.037037037037037035
0 0.4968932748538012 0.29905782975958417 0.01425438596491228 0.0341130604288499
0 0.2324561403508772 0.28703703703703703 0.030884502923976608 0.051332033788174136
0 0.718110380116959 0.3538011695906433 0.012975146198830409 0.024691358024691357
0 0.9216008771929824 0.203866146848603 0.01918859649122807 0.037686809616634176
0 0.5341739766081871 0.20646523716699156 0.021564327485380116 0.048408057179987
0 0.48163377192982454 0.5802469135802469 0.014437134502923976 0.025016244314489927
0 0.9639985380116959 0.2654320987654321 0.01918859649122807 0.043534762833008445
0 0.9547697368421053 0.012508122157244964 0.014802631578947368 0.025016244314489927
0 0.8801169590643275 0.03070175438596491 0.013157894736842105 0.024041585445094216
0 0.5767543859649122 0.41146848602988956 0.014619883040935672 0.030539311241065625
0 0.7288925438596491 0.14912280701754385 0.013523391812865496 0.02794022092267706
0 0.62015716374269 0.9913905133203379 0.0222953216374269 0.017218973359324236
0 0.4522112573099415 0.18014944769330735 0.02046783625730994 0.029889538661468484
0 0.6444627192982456 0.47742040285899934 0.01114766081871345 0.021767381416504222
0 0.501827485380117 0.2823261858349578 0.013157894736842105 0.024691358024691357
0 0.524031432748538 0.26413255360623783 0.012426900584795321 0.021442495126705652
0 0.8044590643274854 0.024366471734892786 0.013157894736842105 0.02631578947368421
0 0.42141812865497075 0.23294346978557504 0.01516812865497076 0.028265107212475632
0 0.5886330409356725 0.4226770630279402 0.024853801169590642 0.043859649122807015
0 0.6229897660818714 0.06627680311890838 0.012244152046783625 0.025341130604288498
0 0.6747076023391813 0.5425601039636128 0.012975146198830409 0.022742040285899934
0 0.6442799707602339 0.41114359974009096 0.013706140350877192 0.02794022092267706
0 0.18320540935672514 0.01055880441845354 0.019736842105263157 0.02111760883690708
0 0.9470029239766082 0.4106562703053931 0.020650584795321638 0.03508771929824561
0 0.5067616959064327 0.48602988953866144 0.009868421052631578 0.02046783625730994
0 0.8986659356725146 0.8347953216374269 0.023574561403508772 0.03866146848602989
0 0.32666301169590645 0.35152696556205326 0.013706140350877192 0.023391812865497075
0 0.4185855263157895 0.11647173489278752 0.010964912280701754 0.02014294996751137
0 0.46034356725146197 0.3427550357374919 0.012244152046783625 0.024691358024691357
0 0.3465826023391813 0.6289798570500325 0.014802631578947368 0.02631578947368421
0 0.7927631578947368 0.19119558154645874 0.017361111111111112 0.030539311241065625
0 0.7798793859649122 0.6414879792072774 0.016264619883040937 0.02761533463287849
0 0.6972770467836257 0.011046133853151396 0.016812865497076022 0.022092267706302793
0 0.2879203216374269 0.4241390513320338 0.013706140350877192 0.024691358024691357
0 0.7627010233918129 0.026153346328784924 0.023391812865497075 0.03931124106562703
0 0.18695175438596492 0.5409356725146199 0.014071637426900584 0.024366471734892786
0 0.2999817251461988 0.1640675763482781 0.01644736842105263 0.029564652371669914
0 0.38651315789473684 0.3744314489928525 0.014619883040935672 0.023066926575698504
0 0.5095942982456141 0.03541260558804418 0.016264619883040937 0.02761533463287849
0 0.04742324561403509 0.15594541910331383 0.02448830409356725 0.04191033138401559
0 0.7809758771929824 0.3019818063677713 0.013706140350877192 0.024366471734892786
0 0.7574926900584795 0.2871994801819363 0.012975146198830409 0.024041585445094216
0 0.6751644736842105 0.5804093567251462 0.01864035087719298 0.03313840155945419
0 0.7652595029239766 0.03313840155945419 0.014802631578947368 0.024691358024691357
0 0.2875548245614035 0.5453216374269005 0.02010233918128655 0.029889538661468484
0 0.9041483918128655 0.1937946718648473 0.015350877192982455 0.028265107212475632
0 0.6379751461988304 0.5402858999350227 0.017909356725146198 0.030214424951267055
0 0.9263523391812866 0.11257309941520467 0.017361111111111112 0.031189083820662766
0 0.23218201754385964 0.005198180636777128 0.012792397660818713 0.010396361273554255
0 0.0027412280701754384 0.1398635477582846 0.005482456140350877 0.0396361273554256
0 0.04285453216374269 0.009259259259259259 0.024671052631578948 0.018518518518518517
0 0.5020102339181286 0.24301494476933072 0.02010233918128655 0.03866146848602989
0 0.7630665204678363 0.16552956465237167 0.019554093567251463 0.03443794671864847
0 0.8478618421052632 0.4304743339831059 0.01663011695906433 0.02761533463287849
0 0.6327668128654971 0.4975633528265107 0.012426900584795321 0.025666016894087068
0 0.6787280701754386 0.4525666016894087 0.011513157894736841 0.0198180636777128
0 0.8993969298245614 0.7360298895386614 0.025584795321637425 0.037686809616634176
0 0.6465643274853801 0.37735542560103963 0.010599415204678362 0.01916829109811566
0 0.5691703216374269 0.343404808317089 0.019919590643274854 0.03573749187784275
0 0.2185672514619883 0.9072449642625081 0.018092105263157895 0.028914879792072773
0 0.5565606725146199 0.2467511371020143 0.01644736842105263 0.03216374269005848
0 0.8468567251461988 0.20743989603638727 0.013523391812865496 0.025666016894087068
0 0.6168676900584795 0.30782975958414555 0.008589181286549707 0.016569200779727095
0 0.6857638888888888 0.5362248213125406 0.019736842105263157 0.03313840155945419
0 0.01653874269005848 0.24025341130604289 0.027777777777777776 0.04093567251461988
0 0.005482456140350877 0.4881416504223522 0.010964912280701754 0.049707602339181284
0 0.4870248538011696 0.09210526315789473 0.010782163742690058 0.02664067576348278
0 0.6154057017543859 0.32001299545159195 0.011695906432748537 0.022742040285899934
0 0.7243238304093568 0.05929174788823911 0.010782163742690058 0.02111760883690708
0 0.2987938596491228 0.22011046133853152 0.023574561403508772 0.04191033138401559
0 0.3366228070175439 0.17576348278102663 0.01206140350877193 0.022092267706302793
0 0.3260233918128655 0.2698180636777128 0.014985380116959063 0.02729044834307992
0 0.6194261695906432 0.290448343079922 0.011878654970760233 0.02631578947368421
0 0.33068347953216376 0.20532813515269654 0.02266081871345029 0.043534762833008445
0 0.3602887426900585 0.17430149447693308 0.01114766081871345 0.023391812865497075
0 0.5284173976608187 0.1572449642625081 0.01114766081871345 0.018843404808317088
0 0.5672514619883041 0.0847953216374269 0.01516812865497076 0.03378817413905133
0 0.8117690058479532 0.3305717998700455 0.010964912280701754 0.02079272254710851
0 0.77640716374269 0.006172839506172839 0.021564327485380116 0.012345679012345678
0 0.3199926900584795 0.4064327485380117 0.013157894736842105 0.025666016894087068
0 0.986202485380117 0.04174788823911631 0.027595029239766082 0.05880441845354126
0 0.8294042397660819 0.4342105263157895 0.01827485380116959 0.03378817413905133
0 0.7355628654970761 0.030864197530864196 0.011513157894736841 0.02046783625730994
0 0.8064692982456141 0.35233918128654973 0.018092105263157895 0.036062378167641324
0 0.7699195906432749 0.24805068226120858 0.019554093567251463 0.028265107212475632
0 0.4606176900584795 0.10851202079272254 0.01827485380116959 0.029564652371669914
0 0.8285818713450293 0.4457439896036387 0.025950292397660817 0.057829759584145546
0 0.8856907894736842 0.5425601039636128 0.025950292397660817 0.043209876543209874
0 0.44727704678362573 0.6549707602339181 0.01608187134502924 0.030539311241065625
0 0.3444809941520468 0.004548408057179987 0.015899122807017545 0.009096816114359974
0 0.4540387426900585 0.025016244314489927 0.012792397660818713 0.02631578947368421
0 0.5896381578947368 0.0714749837556855 0.01206140350877193 0.024366471734892786
0 0.4144736842105263 0.23960363872644574 0.01699561403508772 0.029889538661468484
0 0.7575840643274854 0.024366471734892786 0.014985380116959063 0.02664067576348278
0 0.4641812865497076 0.44834307992202727 0.014802631578947368 0.024691358024691357
0 0.7929459064327485 0.3835282651072125 0.011513157894736841 0.02046783625730994
0 0.5445906432748538 0.10948667966211825 0.012426900584795321 0.02631578947368421
0 0.6508589181286549 0.9410331384015594 0.023574561403508772 0.03541260558804418
0 0.11750730994152046 0.011858349577647823 0.025950292397660817 0.023716699155295645
0 0.2721125730994152 0.8508771929824561 0.017178362573099414 0.029239766081871343
0 0.7230445906432749 0.38369070825211177 0.02448830409356725 0.0451591942820013
0 0.16438230994152048 0.3237491877842755 0.022112573099415205 0.03151397011046134
0 0.9125548245614035 0.08853151397011046 0.015716374269005847 0.02761533463287849
0 0.40899122807017546 0.09064327485380116 0.017909356725146198 0.028265107212475632
0 0.7230445906432749 0.18794671864847304 0.02010233918128655 0.036712150747238464
0 0.8870614035087719 0.8700454840805718 0.02412280701754386 0.03866146848602989
0 0.8075657894736842 0.17966211825860948 0.013888888888888888 0.028265107212475632
0 0.14857456140350878 0.8024691358024691 0.042214912280701754 0.07797270955165692
0 0.21993786549707603 0.9928525016244314 0.029788011695906433 0.014294996751137101
0 0.046509502923976605 0.7815139701104613 0.020650584795321638 0.036062378167641324